State,Year,EVENT_ID,DEATHS,INJURIES
ALABAMA,1950,2,0,15
ALABAMA,1951,5,0,13
ALABAMA,1952,13,6,116
ALABAMA,1953,22,16,248
ALABAMA,1954,10,0,36
ALABAMA,1955,30,5,27
ALABAMA,1956,26,25,203
ALABAMA,1957,70,10,192
ALABAMA,1958,36,1,3
ALABAMA,1959,26,0,8
ALABAMA,1960,29,0,2
ALABAMA,1961,52,0,28
ALABAMA,1962,48,0,10
ALABAMA,1963,56,3,76
ALABAMA,1964,56,12,31
ALABAMA,1965,43,0,44
ALABAMA,1966,25,1,17
ALABAMA,1967,93,5,97
ALABAMA,1968,86,1,46
ALABAMA,1969,57,2,16
ALABAMA,1970,57,2,16
ALABAMA,1971,133,4,16
ALABAMA,1972,60,4,95
ALABAMA,1973,183,10,404
ALABAMA,1974,184,79,959
ALABAMA,1975,131,2,142
ALABAMA,1976,100,0,61
ALABAMA,1977,131,23,144
ALABAMA,1978,119,0,49
ALABAMA,1979,97,0,44
ALABAMA,1980,134,0,26
ALABAMA,1981,113,2,90
ALABAMA,1982,172,0,18
ALABAMA,1983,280,4,105
ALABAMA,1984,286,16,78
ALABAMA,1985,335,4,49
ALABAMA,1986,266,8,36
ALABAMA,1987,155,1,5
ALABAMA,1988,280,0,59
ALABAMA,1989,369,21,499
ALABAMA,1990,437,0,170
ALABAMA,1991,252,5,52
ALABAMA,1992,347,4,76
ALABAMA,1993,117,0,17
ALABAMA,1994,266,23,273
ALABAMA,1995,602,10,225
ALABAMA,1996,921,16,116
ALABAMA,1997,731,3,68
ALABAMA,1998,1001,50,298
ALABAMA,1999,714,11,19
ALABAMA,2000,1008,21,222
ALABAMA,2001,765,14,169
ALABAMA,2002,759,21,158
ALABAMA,2003,1143,4,17
ALABAMA,2004,848,5,28
ALABAMA,2005,1332,8,36
ALABAMA,2006,1143,2,31
ALABAMA,2007,1315,31,502
ALABAMA,2008,1695,15,150
ALABAMA,2009,1756,6,73
ALABAMA,2010,1274,19,122
ALABAMA,2011,2468,266,2216
ALABAMA,2012,1723,17,122
ALABAMA,2013,935,5,19
ALABAMA,2014,890,18,89
ALABAMA,2015,892,14,28
ALABAMA,2016,976,7,33
ALASKA,1993,1,0,0
ALASKA,1996,280,1,27
ALASKA,1997,278,0,0
ALASKA,1998,407,0,0
ALASKA,1999,581,18,14
ALASKA,2000,493,13,18
ALASKA,2001,449,9,13
ALASKA,2002,463,7,4
ALASKA,2003,334,1,3
ALASKA,2004,381,3,12
ALASKA,2005,305,0,7
ALASKA,2006,330,2,2
ALASKA,2007,257,0,0
ALASKA,2008,334,4,0
ALASKA,2009,464,2,5
ALASKA,2010,255,1,0
ALASKA,2011,431,2,3
ALASKA,2012,358,2,1
ALASKA,2013,269,0,0
ALASKA,2014,172,2,1
ALASKA,2015,220,11,8
ALASKA,2016,150,5,5
AMERICAN SAMOA,1998,26,0,0
AMERICAN SAMOA,1999,44,0,0
AMERICAN SAMOA,2000,28,0,1
AMERICAN SAMOA,2001,25,0,0
AMERICAN SAMOA,2002,18,0,0
AMERICAN SAMOA,2003,13,4,6
AMERICAN SAMOA,2004,18,0,24
AMERICAN SAMOA,2005,42,0,2
AMERICAN SAMOA,2006,23,1,1
AMERICAN SAMOA,2007,16,3,0
AMERICAN SAMOA,2008,16,0,0
AMERICAN SAMOA,2009,15,32,148
AMERICAN SAMOA,2010,21,0,0
AMERICAN SAMOA,2011,11,1,1
AMERICAN SAMOA,2012,2,0,0
AMERICAN SAMOA,2013,4,0,0
AMERICAN SAMOA,2014,1,0,0
AMERICAN SAMOA,2015,14,1,0
AMERICAN SAMOA,2016,7,0,0
ARIZONA,1952,1,0,0
ARIZONA,1954,2,0,0
ARIZONA,1955,7,0,0
ARIZONA,1956,7,0,0
ARIZONA,1957,10,0,0
ARIZONA,1958,12,0,0
ARIZONA,1959,11,0,1
ARIZONA,1960,5,0,0
ARIZONA,1961,24,0,3
ARIZONA,1962,10,0,0
ARIZONA,1963,14,0,0
ARIZONA,1964,10,2,9
ARIZONA,1965,9,0,0
ARIZONA,1966,14,0,9
ARIZONA,1967,15,0,0
ARIZONA,1968,16,0,8
ARIZONA,1969,17,0,2
ARIZONA,1970,18,0,0
ARIZONA,1971,25,0,43
ARIZONA,1972,36,0,18
ARIZONA,1973,11,0,0
ARIZONA,1974,36,1,40
ARIZONA,1975,27,0,0
ARIZONA,1976,30,0,0
ARIZONA,1977,21,0,0
ARIZONA,1978,27,0,0
ARIZONA,1979,29,0,3
ARIZONA,1980,22,0,0
ARIZONA,1981,25,0,0
ARIZONA,1982,34,0,0
ARIZONA,1983,56,0,0
ARIZONA,1984,28,0,1
ARIZONA,1985,24,0,24
ARIZONA,1986,61,0,2
ARIZONA,1987,33,0,4
ARIZONA,1988,39,3,29
ARIZONA,1989,26,0,3
ARIZONA,1990,53,6,24
ARIZONA,1991,32,0,4
ARIZONA,1992,79,0,1
ARIZONA,1993,48,1,4
ARIZONA,1994,67,0,10
ARIZONA,1995,97,0,2
ARIZONA,1996,318,0,53
ARIZONA,1997,318,26,160
ARIZONA,1998,283,7,11
ARIZONA,1999,241,4,61
ARIZONA,2000,263,11,44
ARIZONA,2001,255,8,27
ARIZONA,2002,213,1,11
ARIZONA,2003,261,5,36
ARIZONA,2004,280,3,18
ARIZONA,2005,341,59,17
ARIZONA,2006,389,21,26
ARIZONA,2007,341,14,8
ARIZONA,2008,397,13,94
ARIZONA,2009,360,11,84
ARIZONA,2010,546,9,83
ARIZONA,2011,604,16,118
ARIZONA,2012,498,9,40
ARIZONA,2013,561,36,41
ARIZONA,2014,570,9,29
ARIZONA,2015,518,10,70
ARIZONA,2016,444,13,58
ARKANSAS,1950,13,2,49
ARKANSAS,1951,3,0,7
ARKANSAS,1952,29,112,731
ARKANSAS,1953,11,0,9
ARKANSAS,1954,33,1,38
ARKANSAS,1955,65,2,33
ARKANSAS,1956,65,1,19
ARKANSAS,1957,78,3,30
ARKANSAS,1958,28,0,0
ARKANSAS,1959,45,3,39
ARKANSAS,1960,49,1,58
ARKANSAS,1961,83,7,100
ARKANSAS,1962,34,0,4
ARKANSAS,1963,21,0,0
ARKANSAS,1964,63,1,7
ARKANSAS,1965,60,6,225
ARKANSAS,1966,41,0,2
ARKANSAS,1967,83,0,28
ARKANSAS,1968,112,65,723
ARKANSAS,1969,70,0,1
ARKANSAS,1970,94,1,85
ARKANSAS,1971,82,0,29
ARKANSAS,1972,72,0,3
ARKANSAS,1973,157,5,396
ARKANSAS,1974,126,4,114
ARKANSAS,1975,151,8,86
ARKANSAS,1976,111,9,124
ARKANSAS,1977,102,1,7
ARKANSAS,1978,124,2,34
ARKANSAS,1979,136,1,59
ARKANSAS,1980,112,1,113
ARKANSAS,1981,101,0,10
ARKANSAS,1982,395,19,218
ARKANSAS,1983,306,0,13
ARKANSAS,1984,384,9,89
ARKANSAS,1985,283,3,21
ARKANSAS,1986,281,3,35
ARKANSAS,1987,162,7,111
ARKANSAS,1988,310,8,125
ARKANSAS,1989,435,0,22
ARKANSAS,1990,320,3,14
ARKANSAS,1991,381,0,21
ARKANSAS,1992,567,0,2
ARKANSAS,1993,563,0,12
ARKANSAS,1994,893,0,10
ARKANSAS,1995,961,2,20
ARKANSAS,1996,1198,12,169
ARKANSAS,1997,742,31,456
ARKANSAS,1998,1166,10,24
ARKANSAS,1999,1343,24,187
ARKANSAS,2000,1181,5,26
ARKANSAS,2001,1114,6,42
ARKANSAS,2002,900,6,28
ARKANSAS,2003,1262,0,21
ARKANSAS,2004,1016,3,23
ARKANSAS,2005,821,4,36
ARKANSAS,2006,1266,6,86
ARKANSAS,2007,1028,9,54
ARKANSAS,2008,2055,40,257
ARKANSAS,2009,1961,21,84
ARKANSAS,2010,1598,37,74
ARKANSAS,2011,2811,44,128
ARKANSAS,2012,1905,9,19
ARKANSAS,2013,1341,12,499
ARKANSAS,2014,1259,35,239
ARKANSAS,2015,1243,10,339
ARKANSAS,2016,882,3,22
ATLANTIC NORTH,2001,2,0,0
ATLANTIC NORTH,2002,182,0,1
ATLANTIC NORTH,2003,217,0,0
ATLANTIC NORTH,2004,199,6,0
ATLANTIC NORTH,2005,151,0,0
ATLANTIC NORTH,2006,298,2,0
ATLANTIC NORTH,2007,185,1,15
ATLANTIC NORTH,2008,574,3,4
ATLANTIC NORTH,2009,421,3,0
ATLANTIC NORTH,2010,533,0,0
ATLANTIC NORTH,2011,655,0,3
ATLANTIC NORTH,2012,755,1,1
ATLANTIC NORTH,2013,461,0,0
ATLANTIC NORTH,2014,553,0,0
ATLANTIC NORTH,2015,632,4,5
ATLANTIC NORTH,2016,809,2,1
ATLANTIC SOUTH,1998,1,0,0
ATLANTIC SOUTH,2001,7,0,0
ATLANTIC SOUTH,2002,114,0,0
ATLANTIC SOUTH,2003,178,2,2
ATLANTIC SOUTH,2004,146,0,0
ATLANTIC SOUTH,2005,137,1,0
ATLANTIC SOUTH,2006,139,0,6
ATLANTIC SOUTH,2007,193,2,6
ATLANTIC SOUTH,2008,227,1,3
ATLANTIC SOUTH,2009,232,2,2
ATLANTIC SOUTH,2010,183,1,4
ATLANTIC SOUTH,2011,362,1,13
ATLANTIC SOUTH,2012,397,0,0
ATLANTIC SOUTH,2013,301,1,0
ATLANTIC SOUTH,2014,489,2,1
ATLANTIC SOUTH,2015,448,3,0
ATLANTIC SOUTH,2016,410,4,2
CALIFORNIA,1951,1,0,0
CALIFORNIA,1952,1,0,0
CALIFORNIA,1953,2,0,0
CALIFORNIA,1954,1,0,0
CALIFORNIA,1955,7,0,0
CALIFORNIA,1956,2,0,2
CALIFORNIA,1957,11,0,0
CALIFORNIA,1958,33,0,0
CALIFORNIA,1959,5,0,0
CALIFORNIA,1960,5,0,0
CALIFORNIA,1961,2,0,3
CALIFORNIA,1962,5,0,0
CALIFORNIA,1964,7,0,0
CALIFORNIA,1965,6,0,0
CALIFORNIA,1966,8,0,10
CALIFORNIA,1967,7,0,0
CALIFORNIA,1969,2,0,0
CALIFORNIA,1970,7,0,0
CALIFORNIA,1971,3,0,0
CALIFORNIA,1972,9,0,0
CALIFORNIA,1973,8,0,0
CALIFORNIA,1974,6,0,1
CALIFORNIA,1975,8,0,0
CALIFORNIA,1976,9,0,0
CALIFORNIA,1977,6,0,4
CALIFORNIA,1978,20,0,7
CALIFORNIA,1979,10,0,0
CALIFORNIA,1980,28,0,4
CALIFORNIA,1981,13,0,0
CALIFORNIA,1982,32,0,3
CALIFORNIA,1983,38,0,34
CALIFORNIA,1984,12,0,0
CALIFORNIA,1985,8,0,4
CALIFORNIA,1986,23,0,1
CALIFORNIA,1987,13,0,0
CALIFORNIA,1988,16,0,0
CALIFORNIA,1989,13,0,0
CALIFORNIA,1990,23,0,8
CALIFORNIA,1991,26,0,3
CALIFORNIA,1992,33,0,6
CALIFORNIA,1993,29,1,3
CALIFORNIA,1994,22,1,2
CALIFORNIA,1995,27,0,0
CALIFORNIA,1996,396,25,55
CALIFORNIA,1997,664,42,138
CALIFORNIA,1998,1057,41,241
CALIFORNIA,1999,836,32,274
CALIFORNIA,2000,873,42,313
CALIFORNIA,2001,1163,17,241
CALIFORNIA,2002,916,25,362
CALIFORNIA,2003,823,56,444
CALIFORNIA,2004,766,18,107
CALIFORNIA,2005,1061,25,55
CALIFORNIA,2006,862,88,125
CALIFORNIA,2007,862,61,275
CALIFORNIA,2008,1138,30,226
CALIFORNIA,2009,875,29,182
CALIFORNIA,2010,871,22,51
CALIFORNIA,2011,811,15,54
CALIFORNIA,2012,889,27,78
CALIFORNIA,2013,739,18,85
CALIFORNIA,2014,1141,30,173
CALIFORNIA,2015,1143,23,57
CALIFORNIA,2016,1323,27,47
COLORADO,1950,3,0,1
COLORADO,1951,8,0,2
COLORADO,1952,3,0,6
COLORADO,1953,14,0,0
COLORADO,1954,9,0,0
COLORADO,1955,36,0,1
COLORADO,1956,33,0,0
COLORADO,1957,39,0,1
COLORADO,1958,87,0,5
COLORADO,1959,16,0,0
COLORADO,1960,37,2,3
COLORADO,1961,36,0,2
COLORADO,1962,73,0,0
COLORADO,1963,25,0,0
COLORADO,1964,12,0,0
COLORADO,1965,78,0,5
COLORADO,1966,40,0,0
COLORADO,1967,60,0,8
COLORADO,1968,34,0,2
COLORADO,1969,39,0,0
COLORADO,1970,24,0,0
COLORADO,1971,63,0,9
COLORADO,1972,53,0,3
COLORADO,1973,87,0,5
COLORADO,1974,60,0,0
COLORADO,1975,79,0,0
COLORADO,1976,72,0,1
COLORADO,1977,96,0,3
COLORADO,1978,58,0,3
COLORADO,1979,115,0,1
COLORADO,1980,82,0,0
COLORADO,1981,132,0,44
COLORADO,1982,235,0,0
COLORADO,1983,241,0,0
COLORADO,1984,140,0,29
COLORADO,1985,140,0,5
COLORADO,1986,127,0,13
COLORADO,1987,186,1,1
COLORADO,1988,130,0,8
COLORADO,1989,147,0,3
COLORADO,1990,179,0,76
COLORADO,1991,318,0,1
COLORADO,1992,266,0,5
COLORADO,1993,154,0,0
COLORADO,1994,308,0,19
COLORADO,1995,306,0,4
COLORADO,1996,1647,11,62
COLORADO,1997,1352,30,67
COLORADO,1998,1066,10,45
COLORADO,1999,1104,9,44
COLORADO,2000,1163,6,34
COLORADO,2001,1011,5,57
COLORADO,2002,1193,7,42
COLORADO,2003,1384,8,21
COLORADO,2004,1788,7,48
COLORADO,2005,1863,13,35
COLORADO,2006,1564,12,20
COLORADO,2007,1687,7,22
COLORADO,2008,1365,20,129
COLORADO,2009,1739,10,55
COLORADO,2010,1756,9,44
COLORADO,2011,1611,6,38
COLORADO,2012,1326,12,18
COLORADO,2013,1542,19,41
COLORADO,2014,1458,12,59
COLORADO,2015,1292,3,27
COLORADO,2016,1165,6,15
CONNECTICUT,1950,2,0,3
CONNECTICUT,1951,3,0,17
CONNECTICUT,1954,2,0,2
CONNECTICUT,1955,2,0,0
CONNECTICUT,1956,5,0,0
CONNECTICUT,1957,5,0,0
CONNECTICUT,1958,5,0,2
CONNECTICUT,1959,4,0,0
CONNECTICUT,1960,6,0,0
CONNECTICUT,1961,7,0,0
CONNECTICUT,1962,12,1,50
CONNECTICUT,1963,8,0,0
CONNECTICUT,1964,4,0,0
CONNECTICUT,1965,5,0,0
CONNECTICUT,1966,7,0,0
CONNECTICUT,1968,8,0,0
CONNECTICUT,1969,7,0,0
CONNECTICUT,1970,5,0,1
CONNECTICUT,1971,11,0,2
CONNECTICUT,1972,4,0,0
CONNECTICUT,1973,17,0,1
CONNECTICUT,1974,13,0,0
CONNECTICUT,1975,5,0,0
CONNECTICUT,1976,10,0,0
CONNECTICUT,1977,4,0,0
CONNECTICUT,1978,1,0,0
CONNECTICUT,1979,9,3,500
CONNECTICUT,1980,4,0,0
CONNECTICUT,1981,2,0,0
CONNECTICUT,1982,11,0,0
CONNECTICUT,1983,26,0,0
CONNECTICUT,1984,17,0,0
CONNECTICUT,1985,15,0,0
CONNECTICUT,1986,2,0,1
CONNECTICUT,1987,4,0,0
CONNECTICUT,1988,6,0,0
CONNECTICUT,1989,16,1,124
CONNECTICUT,1990,14,0,7
CONNECTICUT,1991,36,0,1
CONNECTICUT,1992,46,0,3
CONNECTICUT,1993,23,0,0
CONNECTICUT,1994,45,0,0
CONNECTICUT,1995,95,0,2
CONNECTICUT,1996,292,5,7
CONNECTICUT,1997,164,6,6
CONNECTICUT,1998,170,1,5
CONNECTICUT,1999,169,1,1
CONNECTICUT,2000,181,2,27
CONNECTICUT,2001,155,0,5
CONNECTICUT,2002,168,5,1
CONNECTICUT,2003,129,0,1
CONNECTICUT,2004,97,0,2
CONNECTICUT,2005,215,3,6
CONNECTICUT,2006,199,1,1
CONNECTICUT,2007,148,0,1
CONNECTICUT,2008,304,2,7
CONNECTICUT,2009,286,3,60
CONNECTICUT,2010,312,6,39
CONNECTICUT,2011,292,5,11
CONNECTICUT,2012,253,4,15
CONNECTICUT,2013,203,0,0
CONNECTICUT,2014,170,1,1
CONNECTICUT,2015,170,2,3
CONNECTICUT,2016,210,0,4
DELAWARE,1954,1,0,0
DELAWARE,1955,1,0,1
DELAWARE,1957,3,0,0
DELAWARE,1958,3,0,0
DELAWARE,1959,1,0,0
DELAWARE,1960,1,0,0
DELAWARE,1961,2,0,0
DELAWARE,1962,5,0,0
DELAWARE,1963,4,0,0
DELAWARE,1964,3,0,0
DELAWARE,1965,1,0,0
DELAWARE,1966,2,0,0
DELAWARE,1967,5,0,7
DELAWARE,1968,4,0,0
DELAWARE,1969,4,0,0
DELAWARE,1970,11,0,0
DELAWARE,1971,8,0,0
DELAWARE,1973,2,0,0
DELAWARE,1974,6,0,0
DELAWARE,1975,14,0,3
DELAWARE,1976,12,0,1
DELAWARE,1977,10,0,1
DELAWARE,1978,2,0,0
DELAWARE,1979,4,0,5
DELAWARE,1980,13,0,0
DELAWARE,1981,3,0,0
DELAWARE,1982,7,0,0
DELAWARE,1983,16,2,9
DELAWARE,1984,10,0,10
DELAWARE,1985,4,0,2
DELAWARE,1986,3,0,1
DELAWARE,1987,6,0,0
DELAWARE,1988,10,0,32
DELAWARE,1989,15,0,3
DELAWARE,1990,14,0,1
DELAWARE,1991,13,0,2
DELAWARE,1992,23,0,0
DELAWARE,1993,16,0,0
DELAWARE,1994,8,0,4
DELAWARE,1995,9,1,0
DELAWARE,1996,92,0,8
DELAWARE,1997,116,0,3
DELAWARE,1998,161,2,14
DELAWARE,1999,155,6,33
DELAWARE,2000,126,0,55
DELAWARE,2001,124,1,35
DELAWARE,2002,182,1,0
DELAWARE,2003,181,0,2
DELAWARE,2004,143,1,5
DELAWARE,2005,144,1,0
DELAWARE,2006,179,2,12
DELAWARE,2007,200,8,60
DELAWARE,2008,181,4,108
DELAWARE,2009,179,0,50
DELAWARE,2010,143,2,26
DELAWARE,2011,180,3,33
DELAWARE,2012,208,1,18
DELAWARE,2013,144,1,33
DELAWARE,2014,161,1,165
DELAWARE,2015,166,0,89
DELAWARE,2016,277,1,30
DISTRICT OF COLUMBIA,1975,1,0,0
DISTRICT OF COLUMBIA,1976,3,0,0
DISTRICT OF COLUMBIA,1978,3,0,0
DISTRICT OF COLUMBIA,1979,1,0,0
DISTRICT OF COLUMBIA,1980,4,0,0
DISTRICT OF COLUMBIA,1981,1,0,0
DISTRICT OF COLUMBIA,1982,1,0,0
DISTRICT OF COLUMBIA,1984,1,0,0
DISTRICT OF COLUMBIA,1985,2,0,0
DISTRICT OF COLUMBIA,1986,1,0,0
DISTRICT OF COLUMBIA,1987,2,0,0
DISTRICT OF COLUMBIA,1988,3,0,0
DISTRICT OF COLUMBIA,1989,3,0,0
DISTRICT OF COLUMBIA,1990,6,0,1
DISTRICT OF COLUMBIA,1991,5,0,0
DISTRICT OF COLUMBIA,1992,9,0,0
DISTRICT OF COLUMBIA,1993,4,1,11
DISTRICT OF COLUMBIA,1996,21,0,2
DISTRICT OF COLUMBIA,1997,15,3,175
DISTRICT OF COLUMBIA,1998,24,0,11
DISTRICT OF COLUMBIA,1999,19,3,140
DISTRICT OF COLUMBIA,2000,29,0,3
DISTRICT OF COLUMBIA,2001,21,0,5
DISTRICT OF COLUMBIA,2002,20,4,6
DISTRICT OF COLUMBIA,2003,31,0,16
DISTRICT OF COLUMBIA,2004,19,0,0
DISTRICT OF COLUMBIA,2005,16,0,1
DISTRICT OF COLUMBIA,2006,21,2,0
DISTRICT OF COLUMBIA,2007,22,0,0
DISTRICT OF COLUMBIA,2008,28,0,10
DISTRICT OF COLUMBIA,2009,9,0,0
DISTRICT OF COLUMBIA,2010,37,0,0
DISTRICT OF COLUMBIA,2011,34,1,0
DISTRICT OF COLUMBIA,2012,52,0,0
DISTRICT OF COLUMBIA,2013,24,0,0
DISTRICT OF COLUMBIA,2014,36,0,0
DISTRICT OF COLUMBIA,2015,21,0,0
DISTRICT OF COLUMBIA,2016,47,0,0
E PACIFIC,2001,1,0,0
E PACIFIC,2002,9,0,0
E PACIFIC,2003,14,0,0
E PACIFIC,2004,16,0,0
E PACIFIC,2005,12,0,0
E PACIFIC,2006,9,0,0
E PACIFIC,2007,10,1,0
E PACIFIC,2008,5,2,0
E PACIFIC,2009,11,1,2
E PACIFIC,2010,13,0,0
E PACIFIC,2011,12,1,1
E PACIFIC,2012,38,0,0
E PACIFIC,2013,7,3,0
E PACIFIC,2014,9,6,4
E PACIFIC,2015,5,6,1
E PACIFIC,2016,24,0,0
FLORIDA,1950,6,0,0
FLORIDA,1951,9,3,0
FLORIDA,1952,10,0,9
FLORIDA,1953,21,0,36
FLORIDA,1954,13,2,6
FLORIDA,1955,24,0,0
FLORIDA,1956,22,0,21
FLORIDA,1957,32,0,1
FLORIDA,1958,41,1,69
FLORIDA,1959,37,1,105
FLORIDA,1960,64,1,9
FLORIDA,1961,63,0,10
FLORIDA,1962,48,18,136
FLORIDA,1963,65,0,4
FLORIDA,1964,74,0,65
FLORIDA,1965,44,0,8
FLORIDA,1966,68,11,535
FLORIDA,1967,52,2,148
FLORIDA,1968,120,4,56
FLORIDA,1969,133,0,10
FLORIDA,1970,95,0,14
FLORIDA,1971,145,0,125
FLORIDA,1972,131,1,115
FLORIDA,1973,109,1,94
FLORIDA,1974,150,1,71
FLORIDA,1975,207,2,79
FLORIDA,1976,127,1,32
FLORIDA,1977,91,1,18
FLORIDA,1978,186,3,155
FLORIDA,1979,141,1,69
FLORIDA,1980,139,1,59
FLORIDA,1981,136,0,33
FLORIDA,1982,160,2,39
FLORIDA,1983,287,5,60
FLORIDA,1984,125,0,4
FLORIDA,1985,122,2,58
FLORIDA,1986,186,0,39
FLORIDA,1987,115,2,24
FLORIDA,1988,117,5,40
FLORIDA,1989,291,3,18
FLORIDA,1990,287,1,20
FLORIDA,1991,330,2,34
FLORIDA,1992,368,5,111
FLORIDA,1993,329,33,112
FLORIDA,1994,304,1,53
FLORIDA,1995,524,4,54
FLORIDA,1996,959,38,234
FLORIDA,1997,1264,20,187
FLORIDA,1998,1701,75,526
FLORIDA,1999,1534,14,87
FLORIDA,2000,1244,17,55
FLORIDA,2001,1226,40,123
FLORIDA,2002,870,30,59
FLORIDA,2003,920,51,125
FLORIDA,2004,1123,61,889
FLORIDA,2005,892,31,57
FLORIDA,2006,699,22,89
FLORIDA,2007,1041,62,135
FLORIDA,2008,1172,50,132
FLORIDA,2009,1037,36,90
FLORIDA,2010,794,25,91
FLORIDA,2011,1378,12,80
FLORIDA,2012,1406,43,142
FLORIDA,2013,866,31,59
FLORIDA,2014,1121,21,57
FLORIDA,2015,1200,27,84
FLORIDA,2016,1059,42,62
GEORGIA,1950,4,0,1
GEORGIA,1951,3,0,0
GEORGIA,1952,13,0,34
GEORGIA,1953,12,22,618
GEORGIA,1954,37,10,217
GEORGIA,1955,36,4,5
GEORGIA,1956,40,0,2
GEORGIA,1957,42,3,22
GEORGIA,1958,27,0,19
GEORGIA,1959,34,0,9
GEORGIA,1960,23,0,0
GEORGIA,1961,75,1,19
GEORGIA,1962,46,0,0
GEORGIA,1963,56,1,17
GEORGIA,1964,52,2,22
GEORGIA,1965,30,0,3
GEORGIA,1966,47,0,18
GEORGIA,1967,46,0,7
GEORGIA,1968,82,0,12
GEORGIA,1969,64,0,39
GEORGIA,1970,71,1,18
GEORGIA,1971,144,2,49
GEORGIA,1972,77,1,50
GEORGIA,1973,96,3,197
GEORGIA,1974,170,20,180
GEORGIA,1975,149,5,248
GEORGIA,1976,87,0,3
GEORGIA,1977,74,1,22
GEORGIA,1978,82,0,6
GEORGIA,1979,106,0,12
GEORGIA,1980,183,0,12
GEORGIA,1981,117,0,6
GEORGIA,1982,152,0,11
GEORGIA,1983,170,0,24
GEORGIA,1984,330,1,65
GEORGIA,1985,250,0,23
GEORGIA,1986,232,0,51
GEORGIA,1987,124,0,2
GEORGIA,1988,246,0,15
GEORGIA,1989,492,7,118
GEORGIA,1990,645,4,58
GEORGIA,1991,546,0,75
GEORGIA,1992,393,6,160
GEORGIA,1993,254,6,88
GEORGIA,1994,365,2,43
GEORGIA,1995,574,14,323
GEORGIA,1996,795,2,35
GEORGIA,1997,1206,2,35
GEORGIA,1998,1625,21,318
GEORGIA,1999,1530,7,52
GEORGIA,2000,2211,23,312
GEORGIA,2001,1678,2,50
GEORGIA,2002,2752,3,38
GEORGIA,2003,1846,17,249
GEORGIA,2004,1814,7,56
GEORGIA,2005,2141,11,78
GEORGIA,2006,1287,2,22
GEORGIA,2007,1983,22,66
GEORGIA,2008,1775,13,121
GEORGIA,2009,1603,12,44
GEORGIA,2010,1353,11,73
GEORGIA,2011,2359,29,200
GEORGIA,2012,1804,3,44
GEORGIA,2013,997,13,51
GEORGIA,2014,1228,7,36
GEORGIA,2015,1355,7,21
GEORGIA,2016,1664,13,27
GUAM,1997,35,19,15
GUAM,1998,33,3,5
GUAM,1999,47,2,6
GUAM,2000,56,3,9
GUAM,2001,31,9,14
GUAM,2002,23,4,334
GUAM,2003,31,4,1
GUAM,2004,28,18,21
GUAM,2005,13,4,1
GUAM,2006,10,5,6
GUAM,2007,4,1,0
GUAM,2008,10,3,1
GUAM,2009,6,0,1
GUAM,2010,3,2,0
GUAM,2011,6,5,2
GUAM,2012,5,0,0
GUAM,2013,15,7,4
GUAM,2014,14,9,2
GUAM,2015,25,19,56
GUAM,2016,28,3,3
GULF OF ALASKA,2003,1,0,0
GULF OF ALASKA,2004,2,0,0
GULF OF ALASKA,2005,5,0,0
GULF OF ALASKA,2006,2,0,0
GULF OF ALASKA,2007,4,0,0
GULF OF ALASKA,2008,2,0,0
GULF OF ALASKA,2009,6,0,0
GULF OF ALASKA,2010,7,0,0
GULF OF ALASKA,2012,2,0,0
GULF OF MEXICO,2001,82,0,0
GULF OF MEXICO,2002,546,0,0
GULF OF MEXICO,2003,618,0,0
GULF OF MEXICO,2004,639,0,0
GULF OF MEXICO,2005,543,0,0
GULF OF MEXICO,2006,513,1,0
GULF OF MEXICO,2007,577,0,0
GULF OF MEXICO,2008,507,1,0
GULF OF MEXICO,2009,463,0,0
GULF OF MEXICO,2010,496,0,0
GULF OF MEXICO,2011,497,0,0
GULF OF MEXICO,2012,581,0,0
GULF OF MEXICO,2013,603,1,1
GULF OF MEXICO,2014,532,0,0
GULF OF MEXICO,2015,839,6,6
GULF OF MEXICO,2016,951,4,0
HAWAII,1955,2,0,0
HAWAII,1957,1,0,0
HAWAII,1963,2,0,1
HAWAII,1965,1,0,0
HAWAII,1967,2,0,0
HAWAII,1971,5,0,4
HAWAII,1973,1,0,0
HAWAII,1978,1,0,0
HAWAII,1980,1,0,0
HAWAII,1982,3,0,0
HAWAII,1983,1,0,0
HAWAII,1985,1,0,0
HAWAII,1986,2,0,0
HAWAII,1988,2,0,0
HAWAII,1989,1,0,0
HAWAII,1995,1,0,0
HAWAII,1996,180,3,10
HAWAII,1997,353,6,4
HAWAII,1998,335,0,7
HAWAII,1999,347,2,7
HAWAII,2000,328,0,1
HAWAII,2001,543,1,6
HAWAII,2002,351,2,3
HAWAII,2003,308,3,9
HAWAII,2004,476,4,5
HAWAII,2005,565,1,7
HAWAII,2006,552,7,3
HAWAII,2007,457,0,5
HAWAII,2008,476,3,1
HAWAII,2009,653,4,3
HAWAII,2010,600,0,6
HAWAII,2011,666,1,8
HAWAII,2012,580,1,6
HAWAII,2013,732,5,8
HAWAII,2014,629,1,2
HAWAII,2015,759,5,8
HAWAII,2016,727,5,2
HAWAII WATERS,2001,1,0,0
HAWAII WATERS,2002,3,0,0
HAWAII WATERS,2003,4,0,0
HAWAII WATERS,2004,3,0,0
HAWAII WATERS,2005,4,0,0
HAWAII WATERS,2006,5,0,0
HAWAII WATERS,2007,2,0,0
HAWAII WATERS,2009,2,1,0
HAWAII WATERS,2010,1,1,0
HAWAII WATERS,2011,3,0,0
HAWAII WATERS,2012,1,0,0
HAWAII WATERS,2013,3,0,0
HAWAII WATERS,2014,3,1,2
HAWAII WATERS,2015,3,1,1
HAWAII WATERS,2016,1,0,0
IDAHO,1954,3,0,0
IDAHO,1955,2,0,0
IDAHO,1956,16,0,0
IDAHO,1957,5,0,0
IDAHO,1958,21,0,0
IDAHO,1959,6,0,0
IDAHO,1960,3,0,0
IDAHO,1961,9,0,0
IDAHO,1962,11,0,0
IDAHO,1963,7,0,0
IDAHO,1964,13,0,0
IDAHO,1965,12,0,0
IDAHO,1966,11,0,0
IDAHO,1967,23,0,0
IDAHO,1968,11,0,0
IDAHO,1969,14,0,0
IDAHO,1970,27,0,0
IDAHO,1971,6,0,0
IDAHO,1972,4,0,0
IDAHO,1973,13,0,0
IDAHO,1975,36,0,0
IDAHO,1976,25,0,0
IDAHO,1977,6,0,0
IDAHO,1978,6,0,2
IDAHO,1979,24,0,0
IDAHO,1980,7,0,0
IDAHO,1981,15,0,0
IDAHO,1982,26,0,0
IDAHO,1983,41,0,0
IDAHO,1984,38,0,0
IDAHO,1985,15,0,0
IDAHO,1986,25,3,0
IDAHO,1987,71,0,9
IDAHO,1988,23,2,38
IDAHO,1989,45,1,8
IDAHO,1990,30,0,0
IDAHO,1991,48,0,0
IDAHO,1992,68,2,1
IDAHO,1993,40,0,10
IDAHO,1994,18,0,0
IDAHO,1995,116,0,4
IDAHO,1996,268,2,3
IDAHO,1997,335,3,9
IDAHO,1998,279,2,9
IDAHO,1999,210,0,14
IDAHO,2000,232,1,6
IDAHO,2001,284,1,7
IDAHO,2002,357,8,27
IDAHO,2003,312,4,4
IDAHO,2004,289,6,6
IDAHO,2005,238,2,0
IDAHO,2006,388,1,4
IDAHO,2007,247,1,14
IDAHO,2008,356,3,7
IDAHO,2009,268,4,9
IDAHO,2010,321,5,73
IDAHO,2011,270,2,0
IDAHO,2012,333,3,4
IDAHO,2013,295,6,4
IDAHO,2014,392,9,18
IDAHO,2015,373,9,5
IDAHO,2016,280,4,7
ILLINOIS,1950,11,3,31
ILLINOIS,1951,5,2,58
ILLINOIS,1952,4,0,1
ILLINOIS,1953,5,1,13
ILLINOIS,1954,9,1,19
ILLINOIS,1955,59,0,10
ILLINOIS,1956,62,8,34
ILLINOIS,1957,81,15,330
ILLINOIS,1958,101,2,25
ILLINOIS,1959,61,1,19
ILLINOIS,1960,93,0,26
ILLINOIS,1961,108,2,144
ILLINOIS,1962,57,0,10
ILLINOIS,1963,73,2,110
ILLINOIS,1964,64,0,6
ILLINOIS,1965,118,8,217
ILLINOIS,1966,79,1,50
ILLINOIS,1967,111,59,1074
ILLINOIS,1968,60,8,135
ILLINOIS,1969,73,0,4
ILLINOIS,1970,95,0,16
ILLINOIS,1971,81,1,48
ILLINOIS,1972,100,5,70
ILLINOIS,1973,167,0,9
ILLINOIS,1974,453,2,66
ILLINOIS,1975,289,2,78
ILLINOIS,1976,157,4,118
ILLINOIS,1977,163,6,61
ILLINOIS,1978,113,1,4
ILLINOIS,1979,72,0,1
ILLINOIS,1980,249,0,7
ILLINOIS,1981,202,1,48
ILLINOIS,1982,300,13,213
ILLINOIS,1983,164,2,43
ILLINOIS,1984,229,2,30
ILLINOIS,1985,145,1,25
ILLINOIS,1986,211,1,20
ILLINOIS,1987,232,2,69
ILLINOIS,1988,204,2,30
ILLINOIS,1989,163,1,90
ILLINOIS,1990,275,32,379
ILLINOIS,1991,308,3,30
ILLINOIS,1992,397,0,61
ILLINOIS,1993,139,0,3
ILLINOIS,1994,305,0,17
ILLINOIS,1995,475,2,118
ILLINOIS,1996,1262,19,106
ILLINOIS,1997,1367,46,62
ILLINOIS,1998,1589,21,218
ILLINOIS,1999,1348,147,186
ILLINOIS,2000,1720,9,37
ILLINOIS,2001,1300,44,34
ILLINOIS,2002,1427,52,93
ILLINOIS,2003,1765,11,101
ILLINOIS,2004,1657,28,47
ILLINOIS,2005,1635,15,71
ILLINOIS,2006,2661,53,97
ILLINOIS,2007,2024,37,153
ILLINOIS,2008,2891,55,121
ILLINOIS,2009,1879,37,104
ILLINOIS,2010,2482,45,140
ILLINOIS,2011,2859,68,60
ILLINOIS,2012,2134,56,145
ILLINOIS,2013,1847,40,195
ILLINOIS,2014,1707,27,32
ILLINOIS,2015,1810,37,66
ILLINOIS,2016,1379,15,33
INDIANA,1950,3,0,0
INDIANA,1951,5,0,6
INDIANA,1952,2,0,0
INDIANA,1953,9,2,12
INDIANA,1954,32,2,4
INDIANA,1955,34,0,29
INDIANA,1956,65,1,52
INDIANA,1957,75,0,3
INDIANA,1958,74,0,4
INDIANA,1959,39,0,0
INDIANA,1960,39,0,1
INDIANA,1961,68,1,27
INDIANA,1962,34,0,54
INDIANA,1963,68,2,53
INDIANA,1964,47,0,4
INDIANA,1965,101,137,1820
INDIANA,1966,35,0,1
INDIANA,1967,67,0,16
INDIANA,1968,52,1,25
INDIANA,1969,62,0,13
INDIANA,1970,90,0,13
INDIANA,1971,88,1,15
INDIANA,1972,24,0,20
INDIANA,1973,100,0,2
INDIANA,1974,160,47,837
INDIANA,1975,105,0,29
INDIANA,1976,150,4,74
INDIANA,1977,98,1,5
INDIANA,1978,91,0,6
INDIANA,1979,142,1,3
INDIANA,1980,355,5,61
INDIANA,1981,128,0,0
INDIANA,1982,228,0,0
INDIANA,1983,204,0,0
INDIANA,1984,94,0,7
INDIANA,1985,213,0,12
INDIANA,1986,274,1,51
INDIANA,1987,267,0,5
INDIANA,1988,152,1,33
INDIANA,1989,270,1,39
INDIANA,1990,348,12,235
INDIANA,1991,277,2,32
INDIANA,1992,336,0,79
INDIANA,1993,101,0,0
INDIANA,1994,290,3,76
INDIANA,1995,273,4,26
INDIANA,1996,1202,6,35
INDIANA,1997,694,1,6
INDIANA,1998,1116,7,42
INDIANA,1999,805,7,14
INDIANA,2000,1037,3,22
INDIANA,2001,995,7,36
INDIANA,2002,1018,0,153
INDIANA,2003,1422,5,10
INDIANA,2004,1137,6,55
INDIANA,2005,1273,29,288
INDIANA,2006,1592,6,28
INDIANA,2007,1165,9,21
INDIANA,2008,1933,51,84
INDIANA,2009,1158,3,20
INDIANA,2010,1299,11,80
INDIANA,2011,1799,18,63
INDIANA,2012,1596,25,23
INDIANA,2013,1180,11,25
INDIANA,2014,1205,6,5
INDIANA,2015,1315,15,21
INDIANA,2016,1043,14,79
IOWA,1950,4,0,5
IOWA,1951,5,0,17
IOWA,1952,6,0,5
IOWA,1953,32,2,19
IOWA,1954,19,1,4
IOWA,1955,22,0,0
IOWA,1956,42,0,9
IOWA,1957,42,0,1
IOWA,1958,45,0,2
IOWA,1959,66,0,7
IOWA,1960,84,1,5
IOWA,1961,67,1,24
IOWA,1962,78,1,5
IOWA,1963,54,0,2
IOWA,1964,122,1,73
IOWA,1965,120,2,55
IOWA,1966,85,6,176
IOWA,1967,119,3,36
IOWA,1968,127,18,636
IOWA,1969,143,0,0
IOWA,1970,139,0,0
IOWA,1971,175,1,27
IOWA,1972,62,0,3
IOWA,1973,177,2,21
IOWA,1974,337,3,106
IOWA,1975,210,0,7
IOWA,1976,112,0,17
IOWA,1977,101,0,23
IOWA,1978,141,6,47
IOWA,1979,205,7,114
IOWA,1980,288,0,8
IOWA,1981,190,0,12
IOWA,1982,154,0,1
IOWA,1983,211,0,35
IOWA,1984,285,6,109
IOWA,1985,241,2,31
IOWA,1986,358,1,33
IOWA,1987,248,0,0
IOWA,1988,205,0,93
IOWA,1989,340,0,15
IOWA,1990,336,0,22
IOWA,1991,383,5,26
IOWA,1992,287,1,6
IOWA,1993,129,0,27
IOWA,1994,606,0,19
IOWA,1995,465,0,9
IOWA,1996,1847,7,29
IOWA,1997,1542,2,33
IOWA,1998,1847,3,216
IOWA,1999,1640,7,54
IOWA,2000,2046,5,35
IOWA,2001,2352,5,42
IOWA,2002,1374,0,4
IOWA,2003,1646,2,93
IOWA,2004,2341,1,30
IOWA,2005,1641,4,20
IOWA,2006,1507,2,45
IOWA,2007,2337,5,23
IOWA,2008,3457,25,155
IOWA,2009,1872,3,43
IOWA,2010,2940,2,173
IOWA,2011,2072,5,50
IOWA,2012,1982,6,47
IOWA,2013,2170,4,16
IOWA,2014,2568,6,30
IOWA,2015,2102,5,9
IOWA,2016,1880,3,17
KANSAS,1950,33,1,26
KANSAS,1951,77,8,115
KANSAS,1952,21,0,3
KANSAS,1953,30,0,3
KANSAS,1954,68,0,2
KANSAS,1955,160,81,275
KANSAS,1956,225,3,52
KANSAS,1957,154,7,36
KANSAS,1958,208,15,24
KANSAS,1959,211,1,5
KANSAS,1960,195,1,121
KANSAS,1961,166,0,15
KANSAS,1962,236,0,16
KANSAS,1963,155,0,3
KANSAS,1964,256,4,42
KANSAS,1965,207,0,55
KANSAS,1966,185,17,513
KANSAS,1967,178,2,40
KANSAS,1968,213,0,16
KANSAS,1969,185,0,77
KANSAS,1970,199,0,5
KANSAS,1971,233,0,13
KANSAS,1972,154,0,17
KANSAS,1973,258,6,53
KANSAS,1974,413,6,187
KANSAS,1975,230,0,0
KANSAS,1976,134,0,4
KANSAS,1977,202,0,1
KANSAS,1978,224,19,6
KANSAS,1979,206,0,20
KANSAS,1980,248,0,5
KANSAS,1981,257,1,42
KANSAS,1982,452,3,21
KANSAS,1983,260,1,29
KANSAS,1984,351,5,45
KANSAS,1985,415,1,14
KANSAS,1986,664,0,28
KANSAS,1987,527,0,61
KANSAS,1988,227,0,33
KANSAS,1989,450,3,5
KANSAS,1990,623,2,123
KANSAS,1991,877,20,271
KANSAS,1992,924,0,88
KANSAS,1993,644,1,21
KANSAS,1994,899,0,24
KANSAS,1995,1123,0,19
KANSAS,1996,2439,6,18
KANSAS,1997,1857,10,35
KANSAS,1998,2334,12,32
KANSAS,1999,2112,12,182
KANSAS,2000,2403,10,72
KANSAS,2001,3307,9,49
KANSAS,2002,3188,2,9
KANSAS,2003,2547,21,128
KANSAS,2004,3126,5,37
KANSAS,2005,3081,8,40
KANSAS,2006,2820,10,54
KANSAS,2007,3170,31,150
KANSAS,2008,3481,15,155
KANSAS,2009,2884,18,92
KANSAS,2010,2705,4,113
KANSAS,2011,3664,20,129
KANSAS,2012,2384,5,65
KANSAS,2013,2739,0,6
KANSAS,2014,2639,7,48
KANSAS,2015,2047,3,15
KANSAS,2016,2222,6,23
KENTUCKY,1950,2,0,0
KENTUCKY,1951,2,1,11
KENTUCKY,1952,3,0,21
KENTUCKY,1954,3,0,0
KENTUCKY,1955,17,0,13
KENTUCKY,1956,18,1,16
KENTUCKY,1957,18,0,0
KENTUCKY,1958,24,0,12
KENTUCKY,1959,24,3,6
KENTUCKY,1960,15,0,12
KENTUCKY,1961,33,1,66
KENTUCKY,1962,20,0,0
KENTUCKY,1963,26,0,7
KENTUCKY,1964,38,3,35
KENTUCKY,1965,31,1,11
KENTUCKY,1966,21,0,2
KENTUCKY,1967,43,0,7
KENTUCKY,1968,81,7,398
KENTUCKY,1969,73,0,15
KENTUCKY,1970,104,0,15
KENTUCKY,1971,95,9,130
KENTUCKY,1972,28,0,9
KENTUCKY,1973,103,0,15
KENTUCKY,1974,143,72,1306
KENTUCKY,1975,50,0,0
KENTUCKY,1976,73,1,11
KENTUCKY,1977,86,0,23
KENTUCKY,1978,46,0,17
KENTUCKY,1979,73,1,33
KENTUCKY,1980,96,2,14
KENTUCKY,1981,102,0,10
KENTUCKY,1982,173,0,22
KENTUCKY,1983,204,0,7
KENTUCKY,1984,160,0,14
KENTUCKY,1985,144,1,1
KENTUCKY,1986,164,1,81
KENTUCKY,1987,236,0,28
KENTUCKY,1988,42,1,15
KENTUCKY,1989,156,0,25
KENTUCKY,1990,210,0,23
KENTUCKY,1991,205,3,41
KENTUCKY,1992,156,1,13
KENTUCKY,1993,132,0,3
KENTUCKY,1994,89,0,6
KENTUCKY,1995,525,1,122
KENTUCKY,1996,1078,5,77
KENTUCKY,1997,1037,21,50
KENTUCKY,1998,1255,12,29
KENTUCKY,1999,746,3,35
KENTUCKY,2000,1331,7,121
KENTUCKY,2001,1005,4,31
KENTUCKY,2002,1426,2,60
KENTUCKY,2003,1488,8,57
KENTUCKY,2004,1601,7,17
KENTUCKY,2005,856,4,142
KENTUCKY,2006,1822,8,46
KENTUCKY,2007,1391,5,80
KENTUCKY,2008,2031,16,110
KENTUCKY,2009,2113,26,36
KENTUCKY,2010,2997,17,90
KENTUCKY,2011,2689,13,40
KENTUCKY,2012,2314,29,251
KENTUCKY,2013,1478,11,35
KENTUCKY,2014,1785,11,26
KENTUCKY,2015,2457,29,54
KENTUCKY,2016,2123,6,58
LAKE ERIE,2001,13,0,0
LAKE ERIE,2002,231,0,0
LAKE ERIE,2003,448,0,0
LAKE ERIE,2004,288,0,0
LAKE ERIE,2005,297,0,0
LAKE ERIE,2006,156,0,0
LAKE ERIE,2007,27,0,0
LAKE ERIE,2008,10,0,0
LAKE ERIE,2009,17,0,0
LAKE ERIE,2010,28,0,0
LAKE ERIE,2011,35,0,0
LAKE ERIE,2012,42,0,0
LAKE ERIE,2013,28,0,0
LAKE ERIE,2014,35,0,0
LAKE ERIE,2015,25,0,0
LAKE ERIE,2016,40,0,0
LAKE HURON,2001,1,0,0
LAKE HURON,2002,110,0,0
LAKE HURON,2003,80,0,0
LAKE HURON,2004,90,0,0
LAKE HURON,2005,84,0,0
LAKE HURON,2006,101,0,0
LAKE HURON,2007,63,0,0
LAKE HURON,2008,24,0,0
LAKE HURON,2009,12,0,0
LAKE HURON,2010,33,0,0
LAKE HURON,2011,80,0,0
LAKE HURON,2012,40,0,0
LAKE HURON,2013,25,0,0
LAKE HURON,2014,35,0,0
LAKE HURON,2015,58,0,0
LAKE HURON,2016,31,0,0
LAKE MICHIGAN,2001,2,0,0
LAKE MICHIGAN,2002,122,0,0
LAKE MICHIGAN,2003,109,0,0
LAKE MICHIGAN,2004,184,0,0
LAKE MICHIGAN,2005,128,0,0
LAKE MICHIGAN,2006,174,0,0
LAKE MICHIGAN,2007,182,1,0
LAKE MICHIGAN,2008,163,0,0
LAKE MICHIGAN,2009,69,0,0
LAKE MICHIGAN,2010,129,0,0
LAKE MICHIGAN,2011,170,3,2
LAKE MICHIGAN,2012,157,4,3
LAKE MICHIGAN,2013,110,0,0
LAKE MICHIGAN,2014,95,0,0
LAKE MICHIGAN,2015,115,0,0
LAKE MICHIGAN,2016,82,1,0
LAKE ONTARIO,2002,6,0,0
LAKE ONTARIO,2003,5,0,0
LAKE ONTARIO,2004,4,0,0
LAKE ONTARIO,2005,6,0,0
LAKE ONTARIO,2006,4,0,0
LAKE ONTARIO,2007,8,0,0
LAKE ONTARIO,2008,8,0,0
LAKE ONTARIO,2009,12,0,0
LAKE ONTARIO,2010,7,0,0
LAKE ONTARIO,2011,11,0,0
LAKE ONTARIO,2012,20,0,0
LAKE ONTARIO,2013,14,0,0
LAKE ONTARIO,2014,14,0,0
LAKE ONTARIO,2015,17,0,0
LAKE ONTARIO,2016,4,0,0
LAKE ST CLAIR,2001,2,0,0
LAKE ST CLAIR,2002,29,0,0
LAKE ST CLAIR,2003,37,0,0
LAKE ST CLAIR,2004,46,0,0
LAKE ST CLAIR,2005,21,0,0
LAKE ST CLAIR,2006,29,0,0
LAKE ST CLAIR,2007,32,0,0
LAKE ST CLAIR,2008,18,0,0
LAKE ST CLAIR,2009,13,0,0
LAKE ST CLAIR,2010,27,0,0
LAKE ST CLAIR,2011,27,0,0
LAKE ST CLAIR,2012,16,0,0
LAKE ST CLAIR,2013,20,0,0
LAKE ST CLAIR,2014,23,0,0
LAKE ST CLAIR,2015,16,0,2
LAKE ST CLAIR,2016,20,0,0
LAKE SUPERIOR,2002,11,0,0
LAKE SUPERIOR,2003,10,0,0
LAKE SUPERIOR,2004,11,0,0
LAKE SUPERIOR,2005,15,0,0
LAKE SUPERIOR,2006,34,0,0
LAKE SUPERIOR,2007,34,0,0
LAKE SUPERIOR,2008,26,1,0
LAKE SUPERIOR,2009,11,0,0
LAKE SUPERIOR,2010,41,0,0
LAKE SUPERIOR,2011,127,0,0
LAKE SUPERIOR,2012,82,0,0
LAKE SUPERIOR,2013,80,0,0
LAKE SUPERIOR,2014,12,2,0
LAKE SUPERIOR,2015,16,0,0
LAKE SUPERIOR,2016,99,0,0
LOUISIANA,1950,28,29,144
LOUISIANA,1951,10,0,14
LOUISIANA,1952,11,4,51
LOUISIANA,1953,32,13,150
LOUISIANA,1954,11,2,11
LOUISIANA,1955,15,0,0
LOUISIANA,1956,20,0,4
LOUISIANA,1957,49,14,90
LOUISIANA,1958,18,0,3
LOUISIANA,1959,32,0,4
LOUISIANA,1960,27,0,12
LOUISIANA,1961,51,6,128
LOUISIANA,1962,45,2,32
LOUISIANA,1963,25,0,5
LOUISIANA,1964,49,22,173
LOUISIANA,1965,83,0,11
LOUISIANA,1966,38,0,2
LOUISIANA,1967,44,0,17
LOUISIANA,1968,72,0,1
LOUISIANA,1969,59,1,18
LOUISIANA,1970,50,1,6
LOUISIANA,1971,60,12,37
LOUISIANA,1972,63,0,5
LOUISIANA,1973,126,1,52
LOUISIANA,1974,177,3,126
LOUISIANA,1975,220,3,60
LOUISIANA,1976,121,1,73
LOUISIANA,1977,111,1,29
LOUISIANA,1978,98,4,291
LOUISIANA,1979,105,0,22
LOUISIANA,1980,133,2,11
LOUISIANA,1981,131,0,12
LOUISIANA,1982,197,0,2
LOUISIANA,1983,403,5,139
LOUISIANA,1984,377,1,37
LOUISIANA,1985,301,4,30
LOUISIANA,1986,139,0,15
LOUISIANA,1987,289,4,124
LOUISIANA,1988,214,1,11
LOUISIANA,1989,323,2,111
LOUISIANA,1990,424,1,56
LOUISIANA,1991,440,2,32
LOUISIANA,1992,622,3,120
LOUISIANA,1993,371,7,66
LOUISIANA,1994,456,0,3
LOUISIANA,1995,784,1,34
LOUISIANA,1996,626,8,51
LOUISIANA,1997,644,6,95
LOUISIANA,1998,852,27,84
LOUISIANA,1999,602,14,171
LOUISIANA,2000,789,21,64
LOUISIANA,2001,633,4,19
LOUISIANA,2002,589,8,24
LOUISIANA,2003,525,1,15
LOUISIANA,2004,636,3,37
LOUISIANA,2005,704,4,34
LOUISIANA,2006,603,9,40
LOUISIANA,2007,463,8,62
LOUISIANA,2008,1000,17,34
LOUISIANA,2009,915,9,35
LOUISIANA,2010,696,9,18
LOUISIANA,2011,1207,20,109
LOUISIANA,2012,805,12,11
LOUISIANA,2013,586,1,6
LOUISIANA,2014,610,8,3
LOUISIANA,2015,752,4,16
LOUISIANA,2016,900,22,103
MAINE,1953,2,0,2
MAINE,1954,2,1,2
MAINE,1955,1,0,0
MAINE,1956,2,0,0
MAINE,1957,2,0,0
MAINE,1958,15,0,0
MAINE,1959,8,0,2
MAINE,1960,7,0,0
MAINE,1961,12,0,1
MAINE,1962,4,0,0
MAINE,1963,17,0,0
MAINE,1964,3,0,0
MAINE,1965,8,0,3
MAINE,1966,6,0,0
MAINE,1967,5,0,0
MAINE,1968,10,0,2
MAINE,1969,5,0,0
MAINE,1970,10,0,0
MAINE,1971,19,0,1
MAINE,1972,3,0,0
MAINE,1973,12,0,0
MAINE,1974,17,0,1
MAINE,1975,15,0,0
MAINE,1976,5,0,2
MAINE,1977,6,0,0
MAINE,1978,8,0,0
MAINE,1979,2,0,0
MAINE,1980,9,0,0
MAINE,1981,8,0,0
MAINE,1982,12,0,0
MAINE,1983,52,0,0
MAINE,1984,14,0,0
MAINE,1985,27,0,1
MAINE,1986,64,0,0
MAINE,1987,37,0,0
MAINE,1988,42,0,0
MAINE,1989,27,0,1
MAINE,1990,36,0,0
MAINE,1991,32,0,0
MAINE,1992,38,0,0
MAINE,1993,14,0,0
MAINE,1994,77,0,2
MAINE,1995,30,0,2
MAINE,1996,428,1,11
MAINE,1997,211,0,15
MAINE,1998,694,5,3
MAINE,1999,825,1,8
MAINE,2000,728,1,13
MAINE,2001,664,2,34
MAINE,2002,530,2,3
MAINE,2003,446,1,6
MAINE,2004,339,0,1
MAINE,2005,585,1,2
MAINE,2006,540,2,1
MAINE,2007,758,3,7
MAINE,2008,670,2,0
MAINE,2009,444,1,16
MAINE,2010,430,0,12
MAINE,2011,665,0,4
MAINE,2012,283,1,2
MAINE,2013,568,1,4
MAINE,2014,388,2,1
MAINE,2015,441,0,42
MAINE,2016,385,0,0
MARYLAND,1950,1,0,0
MARYLAND,1952,4,0,1
MARYLAND,1953,2,0,0
MARYLAND,1954,2,0,8
MARYLAND,1956,7,0,0
MARYLAND,1957,8,0,0
MARYLAND,1958,24,0,0
MARYLAND,1959,8,0,0
MARYLAND,1960,10,0,0
MARYLAND,1961,7,0,0
MARYLAND,1962,12,0,0
MARYLAND,1963,12,0,0
MARYLAND,1964,4,0,0
MARYLAND,1965,16,0,0
MARYLAND,1966,10,0,0
MARYLAND,1967,13,1,0
MARYLAND,1968,19,0,0
MARYLAND,1969,26,0,1
MARYLAND,1970,38,0,0
MARYLAND,1971,27,0,0
MARYLAND,1972,3,0,0
MARYLAND,1973,19,0,4
MARYLAND,1974,30,0,0
MARYLAND,1975,40,0,0
MARYLAND,1976,28,0,0
MARYLAND,1977,13,0,0
MARYLAND,1978,20,0,0
MARYLAND,1979,28,0,2
MARYLAND,1980,35,0,14
MARYLAND,1981,14,0,2
MARYLAND,1982,30,0,0
MARYLAND,1983,70,0,0
MARYLAND,1984,27,1,38
MARYLAND,1985,24,0,0
MARYLAND,1986,28,1,1
MARYLAND,1987,9,0,4
MARYLAND,1988,33,0,9
MARYLAND,1989,70,0,4
MARYLAND,1990,110,2,75
MARYLAND,1991,102,0,13
MARYLAND,1992,106,0,3
MARYLAND,1993,59,0,2
MARYLAND,1994,64,0,5
MARYLAND,1995,108,0,8
MARYLAND,1996,522,6,169
MARYLAND,1997,377,5,189
MARYLAND,1998,561,4,26
MARYLAND,1999,607,15,304
MARYLAND,2000,774,5,21
MARYLAND,2001,561,7,66
MARYLAND,2002,647,54,138
MARYLAND,2003,793,10,220
MARYLAND,2004,505,4,0
MARYLAND,2005,441,4,41
MARYLAND,2006,539,16,65
MARYLAND,2007,673,3,5
MARYLAND,2008,864,4,4
MARYLAND,2009,596,3,16
MARYLAND,2010,754,9,55
MARYLAND,2011,1073,5,7
MARYLAND,2012,1073,8,17
MARYLAND,2013,629,5,2
MARYLAND,2014,975,6,8
MARYLAND,2015,870,8,10
MARYLAND,2016,882,4,21
MASSACHUSETTS,1951,2,0,0
MASSACHUSETTS,1953,4,90,1245
MASSACHUSETTS,1954,2,0,0
MASSACHUSETTS,1955,8,0,0
MASSACHUSETTS,1956,21,0,14
MASSACHUSETTS,1957,24,0,0
MASSACHUSETTS,1958,23,1,2
MASSACHUSETTS,1959,7,0,0
MASSACHUSETTS,1960,9,0,0
MASSACHUSETTS,1961,13,0,0
MASSACHUSETTS,1962,11,0,3
MASSACHUSETTS,1963,17,0,0
MASSACHUSETTS,1964,15,0,0
MASSACHUSETTS,1965,16,0,0
MASSACHUSETTS,1966,22,0,1
MASSACHUSETTS,1967,3,0,0
MASSACHUSETTS,1968,18,0,5
MASSACHUSETTS,1969,15,0,0
MASSACHUSETTS,1970,20,1,0
MASSACHUSETTS,1971,22,0,3
MASSACHUSETTS,1972,21,1,11
MASSACHUSETTS,1973,42,4,36
MASSACHUSETTS,1974,12,0,1
MASSACHUSETTS,1975,3,0,0
MASSACHUSETTS,1976,21,0,0
MASSACHUSETTS,1977,6,0,2
MASSACHUSETTS,1978,2,0,0
MASSACHUSETTS,1979,14,2,3
MASSACHUSETTS,1980,6,0,0
MASSACHUSETTS,1981,19,0,3
MASSACHUSETTS,1982,7,0,0
MASSACHUSETTS,1983,37,0,0
MASSACHUSETTS,1984,17,0,0
MASSACHUSETTS,1985,29,0,0
MASSACHUSETTS,1986,18,0,5
MASSACHUSETTS,1987,7,0,0
MASSACHUSETTS,1988,59,0,5
MASSACHUSETTS,1989,69,2,12
MASSACHUSETTS,1990,12,0,0
MASSACHUSETTS,1991,53,0,0
MASSACHUSETTS,1992,47,0,4
MASSACHUSETTS,1993,21,0,0
MASSACHUSETTS,1994,75,0,2
MASSACHUSETTS,1995,98,4,28
MASSACHUSETTS,1996,542,2,77
MASSACHUSETTS,1997,564,1,34
MASSACHUSETTS,1998,659,5,19
MASSACHUSETTS,1999,469,3,4
MASSACHUSETTS,2000,427,1,8
MASSACHUSETTS,2001,357,1,3
MASSACHUSETTS,2002,209,0,2
MASSACHUSETTS,2003,256,1,7
MASSACHUSETTS,2004,214,1,14
MASSACHUSETTS,2005,488,0,28
MASSACHUSETTS,2006,409,6,15
MASSACHUSETTS,2007,416,1,9
MASSACHUSETTS,2008,749,3,34
MASSACHUSETTS,2009,326,1,16
MASSACHUSETTS,2010,500,3,41
MASSACHUSETTS,2011,503,5,209
MASSACHUSETTS,2012,453,0,10
MASSACHUSETTS,2013,455,4,48
MASSACHUSETTS,2014,541,4,25
MASSACHUSETTS,2015,605,3,3
MASSACHUSETTS,2016,887,4,4
MICHIGAN,1951,8,1,4
MICHIGAN,1953,20,127,982
MICHIGAN,1954,12,0,2
MICHIGAN,1955,33,0,2
MICHIGAN,1956,68,24,534
MICHIGAN,1957,32,1,18
MICHIGAN,1958,28,0,0
MICHIGAN,1959,21,0,0
MICHIGAN,1960,44,0,0
MICHIGAN,1961,44,0,1
MICHIGAN,1962,49,0,0
MICHIGAN,1963,63,1,1
MICHIGAN,1964,47,11,233
MICHIGAN,1965,80,53,800
MICHIGAN,1966,46,0,0
MICHIGAN,1967,61,0,56
MICHIGAN,1968,100,1,14
MICHIGAN,1969,69,0,65
MICHIGAN,1970,44,0,0
MICHIGAN,1971,67,0,5
MICHIGAN,1972,35,0,9
MICHIGAN,1973,93,0,10
MICHIGAN,1974,133,3,51
MICHIGAN,1975,177,1,18
MICHIGAN,1976,141,3,93
MICHIGAN,1977,80,1,69
MICHIGAN,1978,70,0,12
MICHIGAN,1979,95,0,7
MICHIGAN,1980,177,5,97
MICHIGAN,1981,48,0,0
MICHIGAN,1982,124,1,7
MICHIGAN,1983,314,1,4
MICHIGAN,1984,118,1,15
MICHIGAN,1985,203,1,6
MICHIGAN,1986,168,0,36
MICHIGAN,1987,184,7,26
MICHIGAN,1988,269,7,23
MICHIGAN,1989,147,1,11
MICHIGAN,1990,143,1,7
MICHIGAN,1991,385,4,45
MICHIGAN,1992,226,1,45
MICHIGAN,1993,137,0,3
MICHIGAN,1994,311,1,3
MICHIGAN,1995,320,3,14
MICHIGAN,1996,723,7,13
MICHIGAN,1997,1082,9,130
MICHIGAN,1998,1285,12,172
MICHIGAN,1999,987,6,102
MICHIGAN,2000,1031,3,27
MICHIGAN,2001,956,9,223
MICHIGAN,2002,1090,7,47
MICHIGAN,2003,1022,7,18
MICHIGAN,2004,1217,3,13
MICHIGAN,2005,1134,2,14
MICHIGAN,2006,1339,6,342
MICHIGAN,2007,1637,21,201
MICHIGAN,2008,1675,9,31
MICHIGAN,2009,751,4,10
MICHIGAN,2010,853,14,35
MICHIGAN,2011,1270,17,41
MICHIGAN,2012,992,9,123
MICHIGAN,2013,1216,5,178
MICHIGAN,2014,1214,5,23
MICHIGAN,2015,878,1,15
MICHIGAN,2016,797,2,0
MINNESOTA,1950,1,0,4
MINNESOTA,1951,4,6,60
MINNESOTA,1952,11,0,29
MINNESOTA,1953,10,9,24
MINNESOTA,1954,7,0,1
MINNESOTA,1955,40,2,24
MINNESOTA,1956,45,0,0
MINNESOTA,1957,37,0,4
MINNESOTA,1958,45,2,16
MINNESOTA,1959,54,0,0
MINNESOTA,1960,34,0,0
MINNESOTA,1961,40,0,4
MINNESOTA,1962,72,0,37
MINNESOTA,1963,37,0,0
MINNESOTA,1964,64,0,29
MINNESOTA,1965,91,13,689
MINNESOTA,1966,68,0,5
MINNESOTA,1967,78,14,94
MINNESOTA,1968,147,10,155
MINNESOTA,1969,87,15,117
MINNESOTA,1970,75,0,9
MINNESOTA,1971,99,0,1
MINNESOTA,1972,32,0,0
MINNESOTA,1973,129,1,22
MINNESOTA,1974,197,0,9
MINNESOTA,1975,145,2,0
MINNESOTA,1976,110,1,17
MINNESOTA,1977,157,0,33
MINNESOTA,1978,135,4,48
MINNESOTA,1979,202,0,1
MINNESOTA,1980,253,1,16
MINNESOTA,1981,174,1,94
MINNESOTA,1982,193,0,1
MINNESOTA,1983,287,0,4
MINNESOTA,1984,255,3,79
MINNESOTA,1985,274,0,6
MINNESOTA,1986,203,0,3
MINNESOTA,1987,207,1,9
MINNESOTA,1988,127,0,2
MINNESOTA,1989,174,0,3
MINNESOTA,1990,217,0,4
MINNESOTA,1991,317,2,16
MINNESOTA,1992,203,1,53
MINNESOTA,1993,64,2,4
MINNESOTA,1994,387,0,9
MINNESOTA,1995,232,0,18
MINNESOTA,1996,1654,6,29
MINNESOTA,1997,1415,4,29
MINNESOTA,1998,1386,7,85
MINNESOTA,1999,1387,2,9
MINNESOTA,2000,1017,3,20
MINNESOTA,2001,1924,14,41
MINNESOTA,2002,1550,1,11
MINNESOTA,2003,1050,1,13
MINNESOTA,2004,1590,1,5
MINNESOTA,2005,2026,5,20
MINNESOTA,2006,1377,6,57
MINNESOTA,2007,1881,13,58
MINNESOTA,2008,2001,11,43
MINNESOTA,2009,1140,15,8
MINNESOTA,2010,2023,9,57
MINNESOTA,2011,1570,8,74
MINNESOTA,2012,1777,11,11
MINNESOTA,2013,1836,3,260
MINNESOTA,2014,1799,11,16
MINNESOTA,2015,1230,4,7
MINNESOTA,2016,1826,14,28
MISSISSIPPI,1950,16,6,23
MISSISSIPPI,1951,9,3,17
MISSISSIPPI,1952,7,9,28
MISSISSIPPI,1953,26,39,310
MISSISSIPPI,1954,19,0,63
MISSISSIPPI,1955,18,0,1
MISSISSIPPI,1956,16,1,63
MISSISSIPPI,1957,51,6,114
MISSISSIPPI,1958,39,13,92
MISSISSIPPI,1959,33,1,2
MISSISSIPPI,1960,26,0,2
MISSISSIPPI,1961,34,0,24
MISSISSIPPI,1962,45,1,14
MISSISSIPPI,1963,31,10,45
MISSISSIPPI,1964,45,0,0
MISSISSIPPI,1965,69,0,17
MISSISSIPPI,1966,83,58,532
MISSISSIPPI,1967,82,7,39
MISSISSIPPI,1968,116,1,47
MISSISSIPPI,1969,93,32,261
MISSISSIPPI,1970,122,4,110
MISSISSIPPI,1971,125,118,1490
MISSISSIPPI,1972,101,0,96
MISSISSIPPI,1973,171,2,185
MISSISSIPPI,1974,134,0,27
MISSISSIPPI,1975,213,9,230
MISSISSIPPI,1976,179,5,294
MISSISSIPPI,1977,125,2,21
MISSISSIPPI,1978,101,5,58
MISSISSIPPI,1979,81,0,0
MISSISSIPPI,1980,99,2,54
MISSISSIPPI,1981,76,0,5
MISSISSIPPI,1982,123,4,106
MISSISSIPPI,1983,169,0,32
MISSISSIPPI,1984,155,15,108
MISSISSIPPI,1985,228,0,11
MISSISSIPPI,1986,193,0,18
MISSISSIPPI,1987,230,6,369
MISSISSIPPI,1988,374,2,32
MISSISSIPPI,1989,361,0,13
MISSISSIPPI,1990,332,5,71
MISSISSIPPI,1991,383,0,30
MISSISSIPPI,1992,372,18,357
MISSISSIPPI,1993,233,0,3
MISSISSIPPI,1994,423,4,31
MISSISSIPPI,1995,683,2,9
MISSISSIPPI,1996,696,5,45
MISSISSIPPI,1997,771,2,37
MISSISSIPPI,1998,835,4,54
MISSISSIPPI,1999,652,4,49
MISSISSIPPI,2000,934,22,34
MISSISSIPPI,2001,976,17,228
MISSISSIPPI,2002,809,7,56
MISSISSIPPI,2003,1197,2,25
MISSISSIPPI,2004,849,6,18
MISSISSIPPI,2005,1382,21,135
MISSISSIPPI,2006,1010,4,23
MISSISSIPPI,2007,1218,2,21
MISSISSIPPI,2008,1809,6,89
MISSISSIPPI,2009,1221,6,45
MISSISSIPPI,2010,1579,32,193
MISSISSIPPI,2011,1739,50,232
MISSISSIPPI,2012,1071,5,46
MISSISSIPPI,2013,661,2,97
MISSISSIPPI,2014,899,23,214
MISSISSIPPI,2015,863,18,68
MISSISSIPPI,2016,1260,4,9
MISSOURI,1950,6,0,8
MISSOURI,1951,6,0,2
MISSOURI,1952,11,18,117
MISSOURI,1953,6,0,1
MISSOURI,1954,40,2,5
MISSOURI,1955,77,0,25
MISSOURI,1956,91,0,23
MISSOURI,1957,119,56,310
MISSOURI,1958,151,2,10
MISSOURI,1959,123,21,351
MISSOURI,1960,91,0,9
MISSOURI,1961,134,1,33
MISSOURI,1962,102,0,3
MISSOURI,1963,89,1,5
MISSOURI,1964,129,2,42
MISSOURI,1965,135,0,24
MISSOURI,1966,157,0,36
MISSOURI,1967,165,8,323
MISSOURI,1968,129,0,8
MISSOURI,1969,186,6,48
MISSOURI,1970,213,0,20
MISSOURI,1971,180,3,144
MISSOURI,1972,96,0,15
MISSOURI,1973,307,8,91
MISSOURI,1974,220,0,8
MISSOURI,1975,246,5,45
MISSOURI,1976,123,2,28
MISSOURI,1977,173,3,56
MISSOURI,1978,174,0,10
MISSOURI,1979,133,0,33
MISSOURI,1980,204,0,48
MISSOURI,1981,270,3,40
MISSOURI,1982,551,4,74
MISSOURI,1983,280,1,32
MISSOURI,1984,384,3,36
MISSOURI,1985,254,0,19
MISSOURI,1986,204,2,36
MISSOURI,1987,245,0,5
MISSOURI,1988,231,1,29
MISSOURI,1989,179,0,0
MISSOURI,1990,190,0,45
MISSOURI,1991,330,2,70
MISSOURI,1992,414,0,19
MISSOURI,1993,299,0,6
MISSOURI,1994,569,2,12
MISSOURI,1995,881,1,27
MISSOURI,1996,1309,14,90
MISSOURI,1997,1116,9,56
MISSOURI,1998,1723,18,333
MISSOURI,1999,1336,81,424
MISSOURI,2000,2015,20,281
MISSOURI,2001,2279,35,269
MISSOURI,2002,1962,31,405
MISSOURI,2003,2530,35,328
MISSOURI,2004,1892,11,152
MISSOURI,2005,2116,16,177
MISSOURI,2006,2854,35,1309
MISSOURI,2007,2016,24,988
MISSOURI,2008,3023,35,405
MISSOURI,2009,1925,21,152
MISSOURI,2010,2417,17,323
MISSOURI,2011,3194,188,1944
MISSOURI,2012,2351,42,916
MISSOURI,2013,1979,15,57
MISSOURI,2014,1698,3,31
MISSOURI,2015,2477,32,111
MISSOURI,2016,1512,10,132
MONTANA,1952,2,1,2
MONTANA,1953,5,0,0
MONTANA,1954,4,0,0
MONTANA,1955,16,0,0
MONTANA,1956,20,0,0
MONTANA,1957,35,0,0
MONTANA,1958,82,0,3
MONTANA,1959,28,0,0
MONTANA,1960,29,0,0
MONTANA,1961,24,0,1
MONTANA,1962,44,0,0
MONTANA,1963,45,0,0
MONTANA,1964,30,0,1
MONTANA,1965,41,0,6
MONTANA,1966,43,0,0
MONTANA,1967,22,0,0
MONTANA,1968,43,0,0
MONTANA,1969,31,0,0
MONTANA,1970,43,0,0
MONTANA,1971,33,0,0
MONTANA,1972,18,0,0
MONTANA,1973,40,0,0
MONTANA,1974,24,0,0
MONTANA,1975,64,0,1
MONTANA,1976,41,0,0
MONTANA,1977,13,0,0
MONTANA,1978,47,0,0
MONTANA,1979,23,0,0
MONTANA,1980,35,0,0
MONTANA,1981,36,0,0
MONTANA,1982,62,0,0
MONTANA,1983,68,1,1
MONTANA,1984,44,0,0
MONTANA,1985,32,2,0
MONTANA,1986,27,0,0
MONTANA,1987,26,0,2
MONTANA,1988,111,0,2
MONTANA,1989,89,0,5
MONTANA,1990,71,0,1
MONTANA,1991,137,0,0
MONTANA,1992,70,0,0
MONTANA,1993,72,0,0
MONTANA,1994,133,0,0
MONTANA,1995,262,0,2
MONTANA,1996,625,9,3
MONTANA,1997,601,3,2
MONTANA,1998,621,6,8
MONTANA,1999,728,5,5
MONTANA,2000,1002,2,44
MONTANA,2001,1223,1,13
MONTANA,2002,1147,2,11
MONTANA,2003,887,0,15
MONTANA,2004,685,1,14
MONTANA,2005,1128,1,7
MONTANA,2006,901,3,9
MONTANA,2007,1212,1,7
MONTANA,2008,1336,7,8
MONTANA,2009,883,5,1
MONTANA,2010,1185,6,8
MONTANA,2011,1514,6,7
MONTANA,2012,1028,6,36
MONTANA,2013,1672,6,21
MONTANA,2014,1311,12,26
MONTANA,2015,787,6,5
MONTANA,2016,948,5,8
NEBRASKA,1950,6,0,135
NEBRASKA,1951,9,0,8
NEBRASKA,1952,11,0,21
NEBRASKA,1953,49,16,103
NEBRASKA,1954,19,7,32
NEBRASKA,1955,67,3,42
NEBRASKA,1956,101,0,8
NEBRASKA,1957,119,1,9
NEBRASKA,1958,159,0,4
NEBRASKA,1959,108,1,5
NEBRASKA,1960,132,2,11
NEBRASKA,1961,88,0,0
NEBRASKA,1962,143,0,27
NEBRASKA,1963,86,1,8
NEBRASKA,1964,145,4,68
NEBRASKA,1965,137,4,54
NEBRASKA,1966,71,0,2
NEBRASKA,1967,124,0,4
NEBRASKA,1968,145,0,3
NEBRASKA,1969,102,1,0
NEBRASKA,1970,127,0,1
NEBRASKA,1971,138,0,1
NEBRASKA,1972,73,0,0
NEBRASKA,1973,194,0,13
NEBRASKA,1974,259,0,20
NEBRASKA,1975,234,4,141
NEBRASKA,1976,138,0,23
NEBRASKA,1977,256,0,1
NEBRASKA,1978,265,0,9
NEBRASKA,1979,338,0,1
NEBRASKA,1980,434,5,204
NEBRASKA,1981,282,0,0
NEBRASKA,1982,394,0,0
NEBRASKA,1983,215,0,0
NEBRASKA,1984,253,0,34
NEBRASKA,1985,321,0,12
NEBRASKA,1986,409,0,32
NEBRASKA,1987,219,0,17
NEBRASKA,1988,155,2,12
NEBRASKA,1989,280,0,14
NEBRASKA,1990,313,0,10
NEBRASKA,1991,327,0,7
NEBRASKA,1992,468,0,7
NEBRASKA,1993,119,0,0
NEBRASKA,1994,523,1,11
NEBRASKA,1995,396,0,0
NEBRASKA,1996,1741,6,28
NEBRASKA,1997,1627,4,9
NEBRASKA,1998,1477,3,42
NEBRASKA,1999,1407,9,52
NEBRASKA,2000,1505,0,4
NEBRASKA,2001,1688,2,28
NEBRASKA,2002,1298,4,37
NEBRASKA,2003,1381,4,12
NEBRASKA,2004,1690,5,68
NEBRASKA,2005,1776,2,10
NEBRASKA,2006,1389,7,42
NEBRASKA,2007,1766,1,16
NEBRASKA,2008,1934,0,10
NEBRASKA,2009,1817,5,14
NEBRASKA,2010,2151,15,47
NEBRASKA,2011,2479,8,16
NEBRASKA,2012,1963,5,77
NEBRASKA,2013,2363,12,20
NEBRASKA,2014,2352,4,30
NEBRASKA,2015,1481,2,0
NEBRASKA,2016,1553,0,1
NEVADA,1957,1,0,0
NEVADA,1958,1,0,0
NEVADA,1959,4,0,0
NEVADA,1961,6,0,0
NEVADA,1962,1,0,0
NEVADA,1963,1,0,0
NEVADA,1964,7,0,1
NEVADA,1965,4,0,0
NEVADA,1966,2,0,0
NEVADA,1967,3,0,0
NEVADA,1968,1,0,0
NEVADA,1969,4,0,0
NEVADA,1970,6,0,0
NEVADA,1971,2,0,0
NEVADA,1972,6,0,0
NEVADA,1973,8,0,1
NEVADA,1974,4,0,0
NEVADA,1975,5,0,0
NEVADA,1976,11,0,0
NEVADA,1977,6,0,0
NEVADA,1978,6,0,0
NEVADA,1979,10,0,0
NEVADA,1980,7,0,0
NEVADA,1981,6,0,0
NEVADA,1982,6,0,0
NEVADA,1983,4,0,0
NEVADA,1984,20,0,0
NEVADA,1985,12,3,0
NEVADA,1986,9,0,0
NEVADA,1987,22,0,0
NEVADA,1988,20,0,0
NEVADA,1989,12,0,0
NEVADA,1990,7,1,1
NEVADA,1991,6,0,0
NEVADA,1992,18,0,0
NEVADA,1993,12,0,0
NEVADA,1994,16,0,10
NEVADA,1995,20,1,0
NEVADA,1996,127,1,6
NEVADA,1997,158,3,57
NEVADA,1998,262,2,21
NEVADA,1999,200,1,3
NEVADA,2000,152,0,15
NEVADA,2001,136,1,1
NEVADA,2002,192,7,18
NEVADA,2003,164,3,3
NEVADA,2004,192,0,3
NEVADA,2005,199,2,32
NEVADA,2006,202,4,13
NEVADA,2007,154,16,6
NEVADA,2008,308,21,6
NEVADA,2009,187,11,10
NEVADA,2010,239,25,7
NEVADA,2011,187,9,32
NEVADA,2012,241,12,11
NEVADA,2013,208,58,673
NEVADA,2014,285,14,30
NEVADA,2015,254,36,91
NEVADA,2016,184,86,3
NEW HAMPSHIRE,1951,1,0,0
NEW HAMPSHIRE,1953,2,0,5
NEW HAMPSHIRE,1954,1,0,0
NEW HAMPSHIRE,1955,3,0,0
NEW HAMPSHIRE,1956,3,0,0
NEW HAMPSHIRE,1957,3,0,1
NEW HAMPSHIRE,1958,3,0,0
NEW HAMPSHIRE,1959,1,0,0
NEW HAMPSHIRE,1960,3,0,0
NEW HAMPSHIRE,1961,6,0,1
NEW HAMPSHIRE,1962,12,0,0
NEW HAMPSHIRE,1963,14,0,0
NEW HAMPSHIRE,1964,4,0,0
NEW HAMPSHIRE,1965,7,0,0
NEW HAMPSHIRE,1966,11,0,0
NEW HAMPSHIRE,1967,4,0,5
NEW HAMPSHIRE,1968,12,0,1
NEW HAMPSHIRE,1969,3,0,0
NEW HAMPSHIRE,1970,12,0,0
NEW HAMPSHIRE,1971,11,0,0
NEW HAMPSHIRE,1972,9,0,7
NEW HAMPSHIRE,1973,10,0,0
NEW HAMPSHIRE,1974,8,0,0
NEW HAMPSHIRE,1975,10,0,0
NEW HAMPSHIRE,1976,12,0,5
NEW HAMPSHIRE,1977,8,0,0
NEW HAMPSHIRE,1978,6,0,0
NEW HAMPSHIRE,1979,7,0,0
NEW HAMPSHIRE,1980,10,0,0
NEW HAMPSHIRE,1981,8,0,0
NEW HAMPSHIRE,1982,2,0,0
NEW HAMPSHIRE,1983,26,0,0
NEW HAMPSHIRE,1984,11,0,2
NEW HAMPSHIRE,1985,7,0,1
NEW HAMPSHIRE,1986,52,0,0
NEW HAMPSHIRE,1987,22,0,0
NEW HAMPSHIRE,1988,44,0,2
NEW HAMPSHIRE,1989,7,0,0
NEW HAMPSHIRE,1990,15,0,0
NEW HAMPSHIRE,1991,23,3,12
NEW HAMPSHIRE,1992,8,0,0
NEW HAMPSHIRE,1993,16,0,0
NEW HAMPSHIRE,1994,38,1,2
NEW HAMPSHIRE,1995,18,0,0
NEW HAMPSHIRE,1996,257,6,7
NEW HAMPSHIRE,1997,142,0,4
NEW HAMPSHIRE,1998,352,1,23
NEW HAMPSHIRE,1999,420,3,17
NEW HAMPSHIRE,2000,363,2,6
NEW HAMPSHIRE,2001,399,0,2
NEW HAMPSHIRE,2002,325,0,7
NEW HAMPSHIRE,2003,180,2,29
NEW HAMPSHIRE,2004,173,0,11
NEW HAMPSHIRE,2005,284,4,9
NEW HAMPSHIRE,2006,257,1,9
NEW HAMPSHIRE,2007,394,2,7
NEW HAMPSHIRE,2008,382,2,5
NEW HAMPSHIRE,2009,167,1,0
NEW HAMPSHIRE,2010,236,1,6
NEW HAMPSHIRE,2011,353,1,2
NEW HAMPSHIRE,2012,229,1,4
NEW HAMPSHIRE,2013,261,0,30
NEW HAMPSHIRE,2014,264,0,2
NEW HAMPSHIRE,2015,187,3,34
NEW HAMPSHIRE,2016,168,1,1
NEW JERSEY,1951,1,0,2
NEW JERSEY,1952,4,0,0
NEW JERSEY,1955,4,0,0
NEW JERSEY,1956,9,0,8
NEW JERSEY,1957,5,0,0
NEW JERSEY,1958,8,0,1
NEW JERSEY,1960,8,0,6
NEW JERSEY,1961,1,0,0
NEW JERSEY,1962,5,0,1
NEW JERSEY,1963,4,0,0
NEW JERSEY,1964,8,0,10
NEW JERSEY,1965,2,0,0
NEW JERSEY,1966,5,0,0
NEW JERSEY,1967,3,0,0
NEW JERSEY,1968,6,0,0
NEW JERSEY,1969,4,0,0
NEW JERSEY,1970,15,0,0
NEW JERSEY,1971,4,0,0
NEW JERSEY,1972,1,0,0
NEW JERSEY,1973,12,0,12
NEW JERSEY,1974,18,0,0
NEW JERSEY,1975,17,0,0
NEW JERSEY,1976,13,0,0
NEW JERSEY,1977,13,0,1
NEW JERSEY,1978,3,0,0
NEW JERSEY,1979,9,0,1
NEW JERSEY,1980,24,0,0
NEW JERSEY,1981,8,0,0
NEW JERSEY,1982,15,0,0
NEW JERSEY,1983,19,0,0
NEW JERSEY,1984,18,0,0
NEW JERSEY,1985,42,0,8
NEW JERSEY,1986,13,0,0
NEW JERSEY,1987,103,0,3
NEW JERSEY,1988,77,0,15
NEW JERSEY,1989,119,4,14
NEW JERSEY,1990,102,0,39
NEW JERSEY,1991,110,0,2
NEW JERSEY,1992,106,0,0
NEW JERSEY,1993,31,0,0
NEW JERSEY,1994,109,1,42
NEW JERSEY,1995,106,0,1
NEW JERSEY,1996,788,9,15
NEW JERSEY,1997,759,7,68
NEW JERSEY,1998,865,3,124
NEW JERSEY,1999,915,38,390
NEW JERSEY,2000,781,2,36
NEW JERSEY,2001,768,4,37
NEW JERSEY,2002,1050,9,25
NEW JERSEY,2003,920,8,36
NEW JERSEY,2004,746,2,14
NEW JERSEY,2005,931,9,5
NEW JERSEY,2006,856,10,60
NEW JERSEY,2007,1044,18,108
NEW JERSEY,2008,966,16,119
NEW JERSEY,2009,935,7,76
NEW JERSEY,2010,906,8,33
NEW JERSEY,2011,1047,20,405
NEW JERSEY,2012,997,55,44
NEW JERSEY,2013,821,3,14
NEW JERSEY,2014,972,9,576
NEW JERSEY,2015,861,14,157
NEW JERSEY,2016,722,17,39
NEW MEXICO,1950,2,0,0
NEW MEXICO,1951,2,0,0
NEW MEXICO,1954,8,0,0
NEW MEXICO,1955,4,0,0
NEW MEXICO,1956,12,0,0
NEW MEXICO,1957,32,1,0
NEW MEXICO,1958,13,0,0
NEW MEXICO,1959,32,0,0
NEW MEXICO,1960,24,0,34
NEW MEXICO,1961,33,0,3
NEW MEXICO,1962,28,0,1
NEW MEXICO,1963,33,0,0
NEW MEXICO,1964,19,1,9
NEW MEXICO,1965,48,0,3
NEW MEXICO,1966,40,0,0
NEW MEXICO,1967,36,0,0
NEW MEXICO,1968,29,0,3
NEW MEXICO,1969,54,0,4
NEW MEXICO,1970,28,0,0
NEW MEXICO,1971,36,0,0
NEW MEXICO,1972,41,0,1
NEW MEXICO,1973,21,0,0
NEW MEXICO,1974,27,1,8
NEW MEXICO,1975,23,0,0
NEW MEXICO,1976,17,0,2
NEW MEXICO,1977,27,0,3
NEW MEXICO,1978,26,0,0
NEW MEXICO,1979,35,0,0
NEW MEXICO,1980,10,0,0
NEW MEXICO,1981,21,0,0
NEW MEXICO,1982,41,0,0
NEW MEXICO,1983,15,0,0
NEW MEXICO,1984,16,0,0
NEW MEXICO,1985,21,0,1
NEW MEXICO,1986,22,0,1
NEW MEXICO,1987,54,0,0
NEW MEXICO,1988,54,1,1
NEW MEXICO,1989,127,0,1
NEW MEXICO,1990,71,1,3
NEW MEXICO,1991,105,0,26
NEW MEXICO,1992,154,1,51
NEW MEXICO,1993,47,0,0
NEW MEXICO,1994,113,0,2
NEW MEXICO,1995,178,0,3
NEW MEXICO,1996,378,9,6
NEW MEXICO,1997,395,14,14
NEW MEXICO,1998,305,2,15
NEW MEXICO,1999,411,8,13
NEW MEXICO,2000,419,0,3
NEW MEXICO,2001,204,2,16
NEW MEXICO,2002,447,0,3
NEW MEXICO,2003,445,2,8
NEW MEXICO,2004,478,0,5
NEW MEXICO,2005,382,1,2
NEW MEXICO,2006,439,4,11
NEW MEXICO,2007,527,3,46
NEW MEXICO,2008,539,9,4
NEW MEXICO,2009,518,15,17
NEW MEXICO,2010,764,12,28
NEW MEXICO,2011,1009,12,31
NEW MEXICO,2012,1158,2,5
NEW MEXICO,2013,1387,8,17
NEW MEXICO,2014,1238,4,13
NEW MEXICO,2015,814,10,12
NEW MEXICO,2016,481,9,30
NEW YORK,1952,1,0,0
NEW YORK,1954,2,0,0
NEW YORK,1955,4,0,0
NEW YORK,1956,14,0,0
NEW YORK,1957,16,0,0
NEW YORK,1958,26,0,0
NEW YORK,1959,17,0,3
NEW YORK,1960,27,0,9
NEW YORK,1961,24,0,4
NEW YORK,1962,22,0,0
NEW YORK,1963,16,0,0
NEW YORK,1964,17,0,0
NEW YORK,1965,26,0,3
NEW YORK,1966,44,0,0
NEW YORK,1967,15,0,0
NEW YORK,1968,46,0,4
NEW YORK,1969,60,0,1
NEW YORK,1970,48,1,4
NEW YORK,1971,36,0,0
NEW YORK,1972,19,1,4
NEW YORK,1973,72,0,3
NEW YORK,1974,77,0,0
NEW YORK,1975,65,0,5
NEW YORK,1976,50,0,0
NEW YORK,1977,23,0,1
NEW YORK,1978,37,0,0
NEW YORK,1979,46,0,1
NEW YORK,1980,55,0,0
NEW YORK,1981,16,0,0
NEW YORK,1982,109,0,1
NEW YORK,1983,237,3,11
NEW YORK,1984,101,0,14
NEW YORK,1985,137,0,18
NEW YORK,1986,240,4,25
NEW YORK,1987,174,0,10
NEW YORK,1988,324,2,13
NEW YORK,1989,296,12,55
NEW YORK,1990,386,3,48
NEW YORK,1991,372,3,7
NEW YORK,1992,268,0,14
NEW YORK,1993,279,2,2
NEW YORK,1994,567,0,8
NEW YORK,1995,585,7,25
NEW YORK,1996,1606,23,95
NEW YORK,1997,1114,19,130
NEW YORK,1998,1380,16,169
NEW YORK,1999,1152,39,43
NEW YORK,2000,1676,8,61
NEW YORK,2001,939,9,50
NEW YORK,2002,1376,14,139
NEW YORK,2003,1101,15,28
NEW YORK,2004,1207,7,27
NEW YORK,2005,1600,8,16
NEW YORK,2006,1306,50,31
NEW YORK,2007,1750,28,35
NEW YORK,2008,2490,21,57
NEW YORK,2009,1475,13,26
NEW YORK,2010,1479,26,30
NEW YORK,2011,2227,36,32
NEW YORK,2012,1603,72,20
NEW YORK,2013,1759,22,51
NEW YORK,2014,1782,21,387
NEW YORK,2015,1272,5,1
NEW YORK,2016,1334,13,49
NORTH CAROLINA,1950,9,0,8
NORTH CAROLINA,1951,4,0,0
NORTH CAROLINA,1952,7,0,9
NORTH CAROLINA,1953,5,0,1
NORTH CAROLINA,1954,9,0,5
NORTH CAROLINA,1955,15,1,2
NORTH CAROLINA,1956,20,0,2
NORTH CAROLINA,1957,32,4,110
NORTH CAROLINA,1958,31,0,1
NORTH CAROLINA,1959,31,0,1
NORTH CAROLINA,1960,19,0,9
NORTH CAROLINA,1961,26,0,3
NORTH CAROLINA,1962,24,0,0
NORTH CAROLINA,1963,29,0,4
NORTH CAROLINA,1964,33,0,19
NORTH CAROLINA,1965,40,3,90
NORTH CAROLINA,1966,55,0,9
NORTH CAROLINA,1967,41,0,0
NORTH CAROLINA,1968,50,0,0
NORTH CAROLINA,1969,45,0,2
NORTH CAROLINA,1970,84,0,1
NORTH CAROLINA,1971,43,2,60
NORTH CAROLINA,1972,12,0,4
NORTH CAROLINA,1973,82,1,20
NORTH CAROLINA,1974,77,7,52
NORTH CAROLINA,1975,148,0,32
NORTH CAROLINA,1976,86,3,17
NORTH CAROLINA,1977,90,0,12
NORTH CAROLINA,1978,65,1,11
NORTH CAROLINA,1979,63,0,15
NORTH CAROLINA,1980,76,0,0
NORTH CAROLINA,1981,59,2,4
NORTH CAROLINA,1982,95,1,4
NORTH CAROLINA,1983,123,0,18
NORTH CAROLINA,1984,284,44,816
NORTH CAROLINA,1985,489,1,12
NORTH CAROLINA,1986,392,4,27
NORTH CAROLINA,1987,296,0,16
NORTH CAROLINA,1988,359,5,176
NORTH CAROLINA,1989,430,9,137
NORTH CAROLINA,1990,321,4,12
NORTH CAROLINA,1991,180,0,44
NORTH CAROLINA,1992,317,2,92
NORTH CAROLINA,1993,195,0,1
NORTH CAROLINA,1994,144,0,7
NORTH CAROLINA,1995,583,2,80
NORTH CAROLINA,1996,1725,29,263
NORTH CAROLINA,1997,1005,9,45
NORTH CAROLINA,1998,1907,13,93
NORTH CAROLINA,1999,1344,48,90
NORTH CAROLINA,2000,1711,9,44
NORTH CAROLINA,2001,944,2,21
NORTH CAROLINA,2002,1255,8,29
NORTH CAROLINA,2003,1939,15,39
NORTH CAROLINA,2004,1550,23,59
NORTH CAROLINA,2005,1152,9,30
NORTH CAROLINA,2006,1981,15,49
NORTH CAROLINA,2007,1721,13,28
NORTH CAROLINA,2008,2539,13,50
NORTH CAROLINA,2009,1842,18,32
NORTH CAROLINA,2010,2236,31,53
NORTH CAROLINA,2011,2435,43,630
NORTH CAROLINA,2012,1915,13,80
NORTH CAROLINA,2013,1237,12,20
NORTH CAROLINA,2014,1557,10,49
NORTH CAROLINA,2015,1384,6,27
NORTH CAROLINA,2016,1656,47,23
NORTH DAKOTA,1950,2,0,0
NORTH DAKOTA,1951,2,0,0
NORTH DAKOTA,1952,11,1,27
NORTH DAKOTA,1953,10,2,20
NORTH DAKOTA,1954,4,0,0
NORTH DAKOTA,1955,25,2,19
NORTH DAKOTA,1956,17,0,9
NORTH DAKOTA,1957,40,10,103
NORTH DAKOTA,1958,28,0,4
NORTH DAKOTA,1959,24,0,1
NORTH DAKOTA,1960,32,0,1
NORTH DAKOTA,1961,12,0,0
NORTH DAKOTA,1962,43,0,0
NORTH DAKOTA,1963,29,0,0
NORTH DAKOTA,1964,31,0,11
NORTH DAKOTA,1965,76,0,1
NORTH DAKOTA,1966,64,1,2
NORTH DAKOTA,1967,38,0,0
NORTH DAKOTA,1968,34,0,3
NORTH DAKOTA,1969,33,0,1
NORTH DAKOTA,1970,46,0,9
NORTH DAKOTA,1971,49,0,2
NORTH DAKOTA,1972,23,0,1
NORTH DAKOTA,1973,67,0,0
NORTH DAKOTA,1974,78,0,11
NORTH DAKOTA,1975,61,1,9
NORTH DAKOTA,1976,128,0,5
NORTH DAKOTA,1977,151,0,1
NORTH DAKOTA,1978,186,5,35
NORTH DAKOTA,1979,117,0,0
NORTH DAKOTA,1980,225,0,0
NORTH DAKOTA,1981,133,0,0
NORTH DAKOTA,1982,188,0,0
NORTH DAKOTA,1983,254,0,2
NORTH DAKOTA,1984,98,0,1
NORTH DAKOTA,1985,127,0,0
NORTH DAKOTA,1986,180,0,14
NORTH DAKOTA,1987,114,0,0
NORTH DAKOTA,1988,138,0,1
NORTH DAKOTA,1989,144,0,3
NORTH DAKOTA,1990,176,1,5
NORTH DAKOTA,1991,189,0,2
NORTH DAKOTA,1992,91,0,6
NORTH DAKOTA,1993,35,0,3
NORTH DAKOTA,1994,223,0,8
NORTH DAKOTA,1995,160,0,8
NORTH DAKOTA,1996,939,7,6
NORTH DAKOTA,1997,736,16,122
NORTH DAKOTA,1998,485,0,6
NORTH DAKOTA,1999,777,3,1
NORTH DAKOTA,2000,967,4,34
NORTH DAKOTA,2001,966,0,18
NORTH DAKOTA,2002,874,0,7
NORTH DAKOTA,2003,583,5,13
NORTH DAKOTA,2004,1025,0,1
NORTH DAKOTA,2005,1199,1,7
NORTH DAKOTA,2006,811,3,9
NORTH DAKOTA,2007,905,5,28
NORTH DAKOTA,2008,1206,2,7
NORTH DAKOTA,2009,957,0,2
NORTH DAKOTA,2010,1420,1,7
NORTH DAKOTA,2011,1469,4,15
NORTH DAKOTA,2012,687,0,2
NORTH DAKOTA,2013,1148,3,0
NORTH DAKOTA,2014,876,2,14
NORTH DAKOTA,2015,811,0,0
NORTH DAKOTA,2016,1092,0,2
OHIO,1950,3,0,31
OHIO,1951,3,0,5
OHIO,1952,2,0,4
OHIO,1953,8,17,379
OHIO,1954,13,1,4
OHIO,1955,21,1,12
OHIO,1956,33,2,5
OHIO,1957,25,0,3
OHIO,1958,33,0,14
OHIO,1959,26,0,6
OHIO,1960,32,0,0
OHIO,1961,44,2,28
OHIO,1962,44,4,20
OHIO,1963,47,0,10
OHIO,1964,35,0,7
OHIO,1965,87,62,742
OHIO,1966,61,0,23
OHIO,1967,47,0,4
OHIO,1968,98,9,137
OHIO,1969,71,5,354
OHIO,1970,93,0,17
OHIO,1971,80,0,17
OHIO,1972,35,1,0
OHIO,1973,158,6,140
OHIO,1974,212,42,1398
OHIO,1975,80,0,5
OHIO,1976,109,0,0
OHIO,1977,88,0,47
OHIO,1978,69,0,14
OHIO,1979,58,0,4
OHIO,1980,409,0,57
OHIO,1981,151,4,81
OHIO,1982,311,0,20
OHIO,1983,362,2,52
OHIO,1984,113,3,13
OHIO,1985,245,12,345
OHIO,1986,303,3,47
OHIO,1987,222,0,10
OHIO,1988,147,0,13
OHIO,1989,219,0,20
OHIO,1990,319,7,39
OHIO,1991,373,2,54
OHIO,1992,433,1,92
OHIO,1993,72,0,8
OHIO,1994,610,5,28
OHIO,1995,701,4,36
OHIO,1996,1607,17,50
OHIO,1997,1137,13,30
OHIO,1998,1725,13,193
OHIO,1999,1477,26,176
OHIO,2000,1418,12,179
OHIO,2001,953,8,21
OHIO,2002,1531,11,73
OHIO,2003,1739,7,13
OHIO,2004,1441,4,13
OHIO,2005,1140,6,13
OHIO,2006,1213,7,30
OHIO,2007,1233,3,5
OHIO,2008,1569,16,21
OHIO,2009,926,4,12
OHIO,2010,1457,16,64
OHIO,2011,2233,7,14
OHIO,2012,1806,12,26
OHIO,2013,1767,4,69
OHIO,2014,1473,5,47
OHIO,2015,1416,6,9
OHIO,2016,1050,2,4
OKLAHOMA,1950,25,6,45
OKLAHOMA,1951,45,0,16
OKLAHOMA,1952,25,0,2
OKLAHOMA,1953,56,5,45
OKLAHOMA,1954,61,3,103
OKLAHOMA,1955,136,23,299
OKLAHOMA,1956,186,5,131
OKLAHOMA,1957,249,22,53
OKLAHOMA,1958,132,0,25
OKLAHOMA,1959,188,7,42
OKLAHOMA,1960,252,35,319
OKLAHOMA,1961,224,17,109
OKLAHOMA,1962,232,0,16
OKLAHOMA,1963,182,1,11
OKLAHOMA,1964,200,0,4
OKLAHOMA,1965,210,0,12
OKLAHOMA,1966,230,0,21
OKLAHOMA,1967,193,4,14
OKLAHOMA,1968,280,0,15
OKLAHOMA,1969,158,0,2
OKLAHOMA,1970,160,6,118
OKLAHOMA,1971,188,0,13
OKLAHOMA,1972,82,5,9
OKLAHOMA,1973,256,12,220
OKLAHOMA,1974,168,16,301
OKLAHOMA,1975,225,3,90
OKLAHOMA,1976,161,5,77
OKLAHOMA,1977,192,1,18
OKLAHOMA,1978,132,0,3
OKLAHOMA,1979,307,7,136
OKLAHOMA,1980,215,0,20
OKLAHOMA,1981,231,6,100
OKLAHOMA,1982,379,3,225
OKLAHOMA,1983,630,1,12
OKLAHOMA,1984,661,13,220
OKLAHOMA,1985,736,0,48
OKLAHOMA,1986,1055,0,30
OKLAHOMA,1987,626,1,26
OKLAHOMA,1988,564,1,21
OKLAHOMA,1989,998,1,11
OKLAHOMA,1990,834,1,36
OKLAHOMA,1991,1133,2,85
OKLAHOMA,1992,1499,0,39
OKLAHOMA,1993,1119,7,123
OKLAHOMA,1994,1670,1,9
OKLAHOMA,1995,1714,3,24
OKLAHOMA,1996,2392,16,16
OKLAHOMA,1997,1670,6,19
OKLAHOMA,1998,2112,29,78
OKLAHOMA,1999,2651,55,706
OKLAHOMA,2000,1796,6,21
OKLAHOMA,2001,2230,12,39
OKLAHOMA,2002,1572,1,11
OKLAHOMA,2003,1975,5,163
OKLAHOMA,2004,1890,4,15
OKLAHOMA,2005,1692,6,26
OKLAHOMA,2006,2536,26,151
OKLAHOMA,2007,1716,46,317
OKLAHOMA,2008,2341,20,270
OKLAHOMA,2009,2038,19,286
OKLAHOMA,2010,1229,8,423
OKLAHOMA,2011,2805,31,735
OKLAHOMA,2012,1857,15,153
OKLAHOMA,2013,2212,51,290
OKLAHOMA,2014,1440,2,41
OKLAHOMA,2015,2057,22,171
OKLAHOMA,2016,1363,13,171
OREGON,1951,1,0,0
OREGON,1954,1,0,0
OREGON,1955,2,0,0
OREGON,1956,3,0,0
OREGON,1957,6,0,0
OREGON,1958,16,0,0
OREGON,1960,3,0,0
OREGON,1961,1,0,0
OREGON,1962,2,0,0
OREGON,1963,4,0,0
OREGON,1964,2,0,0
OREGON,1965,1,0,0
OREGON,1966,3,0,0
OREGON,1967,5,0,0
OREGON,1968,4,0,0
OREGON,1969,8,0,0
OREGON,1970,6,0,0
OREGON,1971,5,0,0
OREGON,1972,3,0,0
OREGON,1973,1,0,0
OREGON,1974,1,0,0
OREGON,1975,4,0,0
OREGON,1976,1,0,0
OREGON,1977,4,0,0
OREGON,1978,3,0,0
OREGON,1981,4,0,0
OREGON,1982,26,0,0
OREGON,1983,7,0,0
OREGON,1984,9,0,0
OREGON,1985,2,0,0
OREGON,1986,1,0,0
OREGON,1987,6,0,0
OREGON,1988,4,0,0
OREGON,1989,5,0,0
OREGON,1990,9,0,3
OREGON,1991,30,0,5
OREGON,1992,16,0,0
OREGON,1993,11,0,0
OREGON,1994,11,0,0
OREGON,1995,39,0,0
OREGON,1996,334,15,37
OREGON,1997,176,2,26
OREGON,1998,335,10,13
OREGON,1999,444,11,46
OREGON,2000,272,5,14
OREGON,2001,332,0,9
OREGON,2002,441,2,12
OREGON,2003,410,0,3
OREGON,2004,414,1,3
OREGON,2005,452,2,4
OREGON,2006,745,8,6
OREGON,2007,379,15,14
OREGON,2008,428,10,2
OREGON,2009,342,6,12
OREGON,2010,375,4,15
OREGON,2011,342,3,5
OREGON,2012,503,3,0
OREGON,2013,290,3,7
OREGON,2014,399,12,15
OREGON,2015,381,9,12
OREGON,2016,317,14,12
PENNSYLVANIA,1950,6,0,3
PENNSYLVANIA,1951,4,0,1
PENNSYLVANIA,1952,7,0,14
PENNSYLVANIA,1953,6,0,2
PENNSYLVANIA,1954,22,0,10
PENNSYLVANIA,1955,16,1,0
PENNSYLVANIA,1956,20,0,9
PENNSYLVANIA,1957,19,0,5
PENNSYLVANIA,1958,29,0,0
PENNSYLVANIA,1959,9,0,0
PENNSYLVANIA,1960,14,0,0
PENNSYLVANIA,1961,22,0,6
PENNSYLVANIA,1962,26,0,0
PENNSYLVANIA,1963,34,2,90
PENNSYLVANIA,1964,17,0,10
PENNSYLVANIA,1965,29,0,7
PENNSYLVANIA,1966,29,0,6
PENNSYLVANIA,1967,35,0,11
PENNSYLVANIA,1968,62,0,1
PENNSYLVANIA,1969,44,0,0
PENNSYLVANIA,1970,99,1,10
PENNSYLVANIA,1971,42,0,4
PENNSYLVANIA,1972,15,0,3
PENNSYLVANIA,1973,93,0,4
PENNSYLVANIA,1974,125,0,3
PENNSYLVANIA,1975,107,0,2
PENNSYLVANIA,1976,104,2,26
PENNSYLVANIA,1977,82,0,11
PENNSYLVANIA,1978,81,1,31
PENNSYLVANIA,1979,80,1,5
PENNSYLVANIA,1980,137,0,142
PENNSYLVANIA,1981,56,0,6
PENNSYLVANIA,1982,52,0,4
PENNSYLVANIA,1983,149,0,13
PENNSYLVANIA,1984,69,0,16
PENNSYLVANIA,1985,258,67,530
PENNSYLVANIA,1986,228,1,35
PENNSYLVANIA,1987,177,2,5
PENNSYLVANIA,1988,253,1,8
PENNSYLVANIA,1989,257,0,28
PENNSYLVANIA,1990,389,0,11
PENNSYLVANIA,1991,457,1,38
PENNSYLVANIA,1992,372,1,46
PENNSYLVANIA,1993,166,0,0
PENNSYLVANIA,1994,461,4,51
PENNSYLVANIA,1995,632,3,23
PENNSYLVANIA,1996,1660,37,52
PENNSYLVANIA,1997,1135,49,84
PENNSYLVANIA,1998,1508,20,264
PENNSYLVANIA,1999,1542,101,358
PENNSYLVANIA,2000,1353,24,17
PENNSYLVANIA,2001,1051,31,32
PENNSYLVANIA,2002,1440,49,141
PENNSYLVANIA,2003,1591,21,32
PENNSYLVANIA,2004,1582,20,233
PENNSYLVANIA,2005,1568,35,73
PENNSYLVANIA,2006,1277,48,62
PENNSYLVANIA,2007,1687,11,53
PENNSYLVANIA,2008,1424,45,139
PENNSYLVANIA,2009,1226,8,110
PENNSYLVANIA,2010,1263,33,23
PENNSYLVANIA,2011,1925,68,110
PENNSYLVANIA,2012,1685,40,107
PENNSYLVANIA,2013,1803,15,73
PENNSYLVANIA,2014,1676,16,109
PENNSYLVANIA,2015,1470,23,135
PENNSYLVANIA,2016,898,34,90
PUERTO RICO,1974,1,0,0
PUERTO RICO,1993,4,0,1
PUERTO RICO,1994,11,0,0
PUERTO RICO,1995,24,0,0
PUERTO RICO,1996,111,3,0
PUERTO RICO,1997,142,3,1
PUERTO RICO,1998,147,10,1
PUERTO RICO,1999,134,8,3
PUERTO RICO,2000,119,2,12
PUERTO RICO,2001,136,11,4
PUERTO RICO,2002,79,2,1
PUERTO RICO,2003,245,8,1
PUERTO RICO,2004,295,12,3
PUERTO RICO,2005,486,5,0
PUERTO RICO,2006,189,2,1
PUERTO RICO,2007,192,2,5
PUERTO RICO,2008,149,7,0
PUERTO RICO,2009,207,4,6
PUERTO RICO,2010,217,6,11
PUERTO RICO,2011,181,9,0
PUERTO RICO,2012,136,7,1
PUERTO RICO,2013,224,4,3
PUERTO RICO,2014,144,7,0
PUERTO RICO,2015,102,8,1
PUERTO RICO,2016,184,5,1
RHODE ISLAND,1956,3,0,0
RHODE ISLAND,1957,1,0,0
RHODE ISLAND,1959,1,0,0
RHODE ISLAND,1961,1,0,0
RHODE ISLAND,1964,1,0,0
RHODE ISLAND,1965,1,0,0
RHODE ISLAND,1969,4,0,0
RHODE ISLAND,1971,2,0,0
RHODE ISLAND,1972,1,0,0
RHODE ISLAND,1973,3,0,0
RHODE ISLAND,1974,2,0,0
RHODE ISLAND,1976,1,0,0
RHODE ISLAND,1979,4,0,0
RHODE ISLAND,1981,1,0,0
RHODE ISLAND,1983,9,0,0
RHODE ISLAND,1984,1,0,0
RHODE ISLAND,1985,1,0,0
RHODE ISLAND,1986,4,0,20
RHODE ISLAND,1987,2,0,0
RHODE ISLAND,1989,2,0,3
RHODE ISLAND,1990,5,0,0
RHODE ISLAND,1991,2,0,0
RHODE ISLAND,1992,4,0,0
RHODE ISLAND,1993,2,0,0
RHODE ISLAND,1994,7,0,0
RHODE ISLAND,1995,20,0,0
RHODE ISLAND,1996,142,0,0
RHODE ISLAND,1997,140,0,0
RHODE ISLAND,1998,139,0,0
RHODE ISLAND,1999,137,0,0
RHODE ISLAND,2000,87,0,2
RHODE ISLAND,2001,60,0,4
RHODE ISLAND,2002,31,0,2
RHODE ISLAND,2003,48,1,0
RHODE ISLAND,2004,31,1,1
RHODE ISLAND,2005,87,0,2
RHODE ISLAND,2006,64,0,3
RHODE ISLAND,2007,51,0,0
RHODE ISLAND,2008,88,6,0
RHODE ISLAND,2009,37,0,9
RHODE ISLAND,2010,54,1,2
RHODE ISLAND,2011,54,0,0
RHODE ISLAND,2012,99,0,4
RHODE ISLAND,2013,63,2,0
RHODE ISLAND,2014,50,1,0
RHODE ISLAND,2015,109,0,1
RHODE ISLAND,2016,177,0,1
SOUTH CAROLINA,1950,1,0,0
SOUTH CAROLINA,1951,1,0,0
SOUTH CAROLINA,1952,3,2,4
SOUTH CAROLINA,1953,4,0,2
SOUTH CAROLINA,1954,1,0,0
SOUTH CAROLINA,1955,16,2,15
SOUTH CAROLINA,1956,25,0,2
SOUTH CAROLINA,1957,27,0,19
SOUTH CAROLINA,1958,12,1,2
SOUTH CAROLINA,1959,15,0,0
SOUTH CAROLINA,1960,27,0,10
SOUTH CAROLINA,1961,24,1,9
SOUTH CAROLINA,1962,25,0,4
SOUTH CAROLINA,1963,27,3,13
SOUTH CAROLINA,1964,31,0,3
SOUTH CAROLINA,1965,40,0,46
SOUTH CAROLINA,1966,32,0,8
SOUTH CAROLINA,1967,37,0,5
SOUTH CAROLINA,1968,32,0,1
SOUTH CAROLINA,1969,31,0,3
SOUTH CAROLINA,1970,40,0,0
SOUTH CAROLINA,1971,47,0,0
SOUTH CAROLINA,1972,13,0,3
SOUTH CAROLINA,1973,66,10,111
SOUTH CAROLINA,1974,98,6,6
SOUTH CAROLINA,1975,110,0,32
SOUTH CAROLINA,1976,57,1,11
SOUTH CAROLINA,1977,56,0,13
SOUTH CAROLINA,1978,33,0,1
SOUTH CAROLINA,1979,25,0,2
SOUTH CAROLINA,1980,41,0,45
SOUTH CAROLINA,1981,25,0,6
SOUTH CAROLINA,1982,78,0,16
SOUTH CAROLINA,1983,130,0,9
SOUTH CAROLINA,1984,195,18,467
SOUTH CAROLINA,1985,194,0,41
SOUTH CAROLINA,1986,121,1,6
SOUTH CAROLINA,1987,128,0,15
SOUTH CAROLINA,1988,234,1,11
SOUTH CAROLINA,1989,298,3,71
SOUTH CAROLINA,1990,230,1,25
SOUTH CAROLINA,1991,170,2,9
SOUTH CAROLINA,1992,186,1,10
SOUTH CAROLINA,1993,92,0,5
SOUTH CAROLINA,1994,328,1,83
SOUTH CAROLINA,1995,573,0,38
SOUTH CAROLINA,1996,805,19,20
SOUTH CAROLINA,1997,550,4,35
SOUTH CAROLINA,1998,908,11,59
SOUTH CAROLINA,1999,694,21,54
SOUTH CAROLINA,2000,828,13,23
SOUTH CAROLINA,2001,589,4,58
SOUTH CAROLINA,2002,722,5,20
SOUTH CAROLINA,2003,789,1,44
SOUTH CAROLINA,2004,788,9,44
SOUTH CAROLINA,2005,707,6,9
SOUTH CAROLINA,2006,1145,6,44
SOUTH CAROLINA,2007,915,9,42
SOUTH CAROLINA,2008,1521,5,33
SOUTH CAROLINA,2009,1069,7,25
SOUTH CAROLINA,2010,1164,4,12
SOUTH CAROLINA,2011,1723,8,41
SOUTH CAROLINA,2012,1275,3,42
SOUTH CAROLINA,2013,920,12,13
SOUTH CAROLINA,2014,782,9,16
SOUTH CAROLINA,2015,1317,18,44
SOUTH CAROLINA,2016,1113,5,22
SOUTH DAKOTA,1950,1,0,0
SOUTH DAKOTA,1951,2,0,5
SOUTH DAKOTA,1952,5,0,0
SOUTH DAKOTA,1953,12,0,2
SOUTH DAKOTA,1954,16,0,4
SOUTH DAKOTA,1955,31,0,2
SOUTH DAKOTA,1956,50,0,3
SOUTH DAKOTA,1957,61,1,1
SOUTH DAKOTA,1958,60,0,0
SOUTH DAKOTA,1959,51,0,3
SOUTH DAKOTA,1960,48,0,1
SOUTH DAKOTA,1961,41,1,7
SOUTH DAKOTA,1962,68,0,43
SOUTH DAKOTA,1963,53,0,0
SOUTH DAKOTA,1964,71,0,13
SOUTH DAKOTA,1965,97,2,3
SOUTH DAKOTA,1966,82,3,12
SOUTH DAKOTA,1967,68,0,15
SOUTH DAKOTA,1968,75,0,2
SOUTH DAKOTA,1969,94,0,18
SOUTH DAKOTA,1970,83,1,1
SOUTH DAKOTA,1971,90,0,3
SOUTH DAKOTA,1972,67,0,1
SOUTH DAKOTA,1973,107,2,21
SOUTH DAKOTA,1974,115,0,1
SOUTH DAKOTA,1975,124,0,0
SOUTH DAKOTA,1976,43,0,0
SOUTH DAKOTA,1977,119,0,0
SOUTH DAKOTA,1978,117,0,15
SOUTH DAKOTA,1979,115,1,0
SOUTH DAKOTA,1980,252,0,0
SOUTH DAKOTA,1981,159,0,2
SOUTH DAKOTA,1982,256,0,4
SOUTH DAKOTA,1983,197,0,4
SOUTH DAKOTA,1984,168,2,2
SOUTH DAKOTA,1985,283,0,1
SOUTH DAKOTA,1986,238,2,28
SOUTH DAKOTA,1987,205,0,3
SOUTH DAKOTA,1988,100,0,2
SOUTH DAKOTA,1989,113,0,9
SOUTH DAKOTA,1990,168,0,1
SOUTH DAKOTA,1991,354,0,31
SOUTH DAKOTA,1992,283,0,10
SOUTH DAKOTA,1993,110,1,17
SOUTH DAKOTA,1994,249,0,5
SOUTH DAKOTA,1995,228,0,1
SOUTH DAKOTA,1996,1262,10,104
SOUTH DAKOTA,1997,1238,5,31
SOUTH DAKOTA,1998,647,6,171
SOUTH DAKOTA,1999,898,1,59
SOUTH DAKOTA,2000,1323,1,20
SOUTH DAKOTA,2001,1171,2,14
SOUTH DAKOTA,2002,1273,2,5
SOUTH DAKOTA,2003,1207,1,13
SOUTH DAKOTA,2004,1300,0,2
SOUTH DAKOTA,2005,1612,1,5
SOUTH DAKOTA,2006,1377,2,27
SOUTH DAKOTA,2007,1568,1,2
SOUTH DAKOTA,2008,1870,2,25
SOUTH DAKOTA,2009,1521,1,5
SOUTH DAKOTA,2010,1957,6,24
SOUTH DAKOTA,2011,1906,8,4
SOUTH DAKOTA,2012,1556,1,15
SOUTH DAKOTA,2013,1743,7,14
SOUTH DAKOTA,2014,1335,5,15
SOUTH DAKOTA,2015,1680,3,14
SOUTH DAKOTA,2016,1793,2,8
ST LAWRENCE R,2002,1,0,0
ST LAWRENCE R,2003,4,0,0
ST LAWRENCE R,2004,1,0,0
ST LAWRENCE R,2006,1,0,0
ST LAWRENCE R,2009,1,0,0
ST LAWRENCE R,2011,1,0,0
ST LAWRENCE R,2012,2,0,0
ST LAWRENCE R,2016,3,0,0
TENNESSEE,1950,3,9,9
TENNESSEE,1951,1,0,0
TENNESSEE,1952,26,75,659
TENNESSEE,1953,17,4,34
TENNESSEE,1954,2,0,4
TENNESSEE,1955,31,0,16
TENNESSEE,1956,23,3,66
TENNESSEE,1957,67,0,19
TENNESSEE,1958,38,0,0
TENNESSEE,1959,36,0,10
TENNESSEE,1960,20,0,1
TENNESSEE,1961,29,0,2
TENNESSEE,1962,29,0,0
TENNESSEE,1963,56,4,27
TENNESSEE,1964,39,0,19
TENNESSEE,1965,49,1,59
TENNESSEE,1966,51,0,1
TENNESSEE,1967,67,2,12
TENNESSEE,1968,49,4,33
TENNESSEE,1969,39,0,0
TENNESSEE,1970,82,3,114
TENNESSEE,1971,67,3,223
TENNESSEE,1972,42,0,35
TENNESSEE,1973,99,1,9
TENNESSEE,1974,159,47,774
TENNESSEE,1975,82,3,44
TENNESSEE,1976,74,0,12
TENNESSEE,1977,69,0,20
TENNESSEE,1978,43,0,27
TENNESSEE,1979,45,2,9
TENNESSEE,1980,54,0,19
TENNESSEE,1981,40,0,0
TENNESSEE,1982,81,0,1
TENNESSEE,1983,72,0,1
TENNESSEE,1984,208,1,58
TENNESSEE,1985,176,0,4
TENNESSEE,1986,93,0,15
TENNESSEE,1987,59,0,25
TENNESSEE,1988,93,6,40
TENNESSEE,1989,134,1,7
TENNESSEE,1990,183,0,16
TENNESSEE,1991,207,5,85
TENNESSEE,1992,186,1,7
TENNESSEE,1993,210,1,81
TENNESSEE,1994,232,5,76
TENNESSEE,1995,652,3,101
TENNESSEE,1996,1071,3,24
TENNESSEE,1997,1145,6,149
TENNESSEE,1998,1260,21,169
TENNESSEE,1999,916,15,174
TENNESSEE,2000,1047,5,14
TENNESSEE,2001,1021,6,45
TENNESSEE,2002,1187,25,159
TENNESSEE,2003,1737,20,134
TENNESSEE,2004,1269,5,40
TENNESSEE,2005,1020,4,25
TENNESSEE,2006,1427,40,271
TENNESSEE,2007,1125,17,217
TENNESSEE,2008,1230,42,176
TENNESSEE,2009,1593,20,114
TENNESSEE,2010,1781,60,83
TENNESSEE,2011,2038,53,543
TENNESSEE,2012,1553,14,103
TENNESSEE,2013,1121,3,19
TENNESSEE,2014,1143,7,8
TENNESSEE,2015,1180,23,10
TENNESSEE,2016,1590,12,37
TEXAS,1950,20,11,106
TEXAS,1951,15,3,118
TEXAS,1952,13,0,13
TEXAS,1953,33,150,834
TEXAS,1954,84,3,129
TEXAS,1955,236,2,63
TEXAS,1956,167,0,11
TEXAS,1957,343,38,489
TEXAS,1958,286,1,53
TEXAS,1959,246,6,64
TEXAS,1960,221,3,73
TEXAS,1961,353,11,278
TEXAS,1962,371,1,57
TEXAS,1963,257,0,6
TEXAS,1964,253,8,132
TEXAS,1965,330,6,96
TEXAS,1966,277,0,11
TEXAS,1967,402,5,44
TEXAS,1968,461,0,15
TEXAS,1969,404,3,67
TEXAS,1970,319,51,736
TEXAS,1971,480,2,178
TEXAS,1972,394,2,63
TEXAS,1973,490,14,212
TEXAS,1974,421,2,61
TEXAS,1975,487,10,58
TEXAS,1976,585,2,62
TEXAS,1977,379,1,59
TEXAS,1978,495,1,0
TEXAS,1979,725,54,1835
TEXAS,1980,772,1,52
TEXAS,1981,768,1,83
TEXAS,1982,955,13,253
TEXAS,1983,944,9,107
TEXAS,1984,721,2,142
TEXAS,1985,886,4,68
TEXAS,1986,1018,15,123
TEXAS,1987,892,51,397
TEXAS,1988,766,3,39
TEXAS,1989,1626,3,107
TEXAS,1990,1395,3,119
TEXAS,1991,1615,1,49
TEXAS,1992,2087,4,73
TEXAS,1993,1719,2,55
TEXAS,1994,2544,7,167
TEXAS,1995,2947,6,387
TEXAS,1996,3966,33,102
TEXAS,1997,4001,67,387
TEXAS,1998,4092,121,6442
TEXAS,1999,3140,34,99
TEXAS,2000,4288,98,146
TEXAS,2001,3488,54,314
TEXAS,2002,3600,24,180
TEXAS,2003,3224,11,139
TEXAS,2004,3977,25,104
TEXAS,2005,3370,67,74
TEXAS,2006,3812,42,260
TEXAS,2007,4701,77,530
TEXAS,2008,3718,60,2630
TEXAS,2009,5051,52,289
TEXAS,2010,2950,40,124
TEXAS,2011,5582,101,1068
TEXAS,2012,4814,31,183
TEXAS,2013,5269,57,492
TEXAS,2014,4708,29,98
TEXAS,2015,5278,118,773
TEXAS,2016,3473,60,34
UTAH,1953,2,0,0
UTAH,1954,1,0,0
UTAH,1955,3,0,0
UTAH,1956,2,0,0
UTAH,1957,3,0,0
UTAH,1958,12,0,0
UTAH,1959,3,0,0
UTAH,1960,2,0,0
UTAH,1961,5,0,0
UTAH,1962,4,0,0
UTAH,1963,9,0,0
UTAH,1964,5,0,0
UTAH,1965,11,0,0
UTAH,1966,4,0,0
UTAH,1967,8,0,0
UTAH,1968,12,0,1
UTAH,1969,13,0,0
UTAH,1970,14,0,1
UTAH,1971,6,0,0
UTAH,1972,2,0,0
UTAH,1973,14,0,0
UTAH,1975,6,0,0
UTAH,1976,12,0,0
UTAH,1977,6,0,0
UTAH,1978,5,0,0
UTAH,1979,4,0,0
UTAH,1980,7,0,0
UTAH,1981,10,0,0
UTAH,1982,13,0,0
UTAH,1983,37,0,0
UTAH,1984,34,0,0
UTAH,1985,33,0,0
UTAH,1986,29,0,0
UTAH,1987,33,0,8
UTAH,1988,26,0,1
UTAH,1989,20,0,0
UTAH,1990,28,0,1
UTAH,1991,29,0,0
UTAH,1992,47,0,0
UTAH,1993,40,0,0
UTAH,1994,46,0,15
UTAH,1995,28,0,0
UTAH,1996,186,4,126
UTAH,1997,348,13,280
UTAH,1998,506,13,160
UTAH,1999,195,5,143
UTAH,2000,198,8,31
UTAH,2001,189,12,27
UTAH,2002,324,11,104
UTAH,2003,419,14,27
UTAH,2004,292,4,14
UTAH,2005,443,8,35
UTAH,2006,409,4,4
UTAH,2007,364,17,7
UTAH,2008,408,7,59
UTAH,2009,306,0,1
UTAH,2010,470,5,12
UTAH,2011,375,6,10
UTAH,2012,419,7,23
UTAH,2013,482,12,552
UTAH,2014,328,6,15
UTAH,2015,325,25,64
UTAH,2016,318,6,25
VERMONT,1953,1,0,0
VERMONT,1955,5,0,0
VERMONT,1957,6,0,0
VERMONT,1958,9,0,0
VERMONT,1959,4,0,0
VERMONT,1960,7,0,0
VERMONT,1961,6,0,0
VERMONT,1962,9,0,1
VERMONT,1963,5,0,0
VERMONT,1964,9,0,0
VERMONT,1965,3,0,1
VERMONT,1966,7,0,0
VERMONT,1967,1,0,0
VERMONT,1968,9,0,0
VERMONT,1969,10,0,1
VERMONT,1970,11,0,7
VERMONT,1971,4,0,0
VERMONT,1972,6,0,0
VERMONT,1973,10,0,0
VERMONT,1974,4,0,0
VERMONT,1975,13,0,0
VERMONT,1976,8,0,0
VERMONT,1977,3,0,0
VERMONT,1978,1,0,0
VERMONT,1979,8,0,0
VERMONT,1980,10,0,0
VERMONT,1981,8,0,0
VERMONT,1982,3,0,0
VERMONT,1983,22,0,0
VERMONT,1984,2,0,0
VERMONT,1985,4,0,0
VERMONT,1986,51,0,0
VERMONT,1987,40,2,7
VERMONT,1988,44,0,0
VERMONT,1989,42,0,0
VERMONT,1990,39,0,0
VERMONT,1991,27,0,0
VERMONT,1992,23,0,0
VERMONT,1993,70,0,10
VERMONT,1994,59,0,0
VERMONT,1995,42,0,0
VERMONT,1996,278,4,3
VERMONT,1997,319,2,1
VERMONT,1998,311,0,5
VERMONT,1999,221,2,6
VERMONT,2000,306,1,4
VERMONT,2001,300,1,2
VERMONT,2002,309,1,0
VERMONT,2003,276,1,2
VERMONT,2004,247,3,2
VERMONT,2005,491,0,0
VERMONT,2006,412,2,13
VERMONT,2007,600,0,1
VERMONT,2008,539,7,1
VERMONT,2009,312,2,0
VERMONT,2010,330,0,4
VERMONT,2011,572,9,0
VERMONT,2012,366,3,0
VERMONT,2013,311,0,2
VERMONT,2014,194,0,7
VERMONT,2015,234,5,0
VERMONT,2016,210,2,0
VIRGIN ISLANDS,1997,28,0,0
VIRGIN ISLANDS,1998,23,0,0
VIRGIN ISLANDS,1999,28,0,0
VIRGIN ISLANDS,2000,21,0,0
VIRGIN ISLANDS,2001,19,1,1
VIRGIN ISLANDS,2002,9,2,0
VIRGIN ISLANDS,2003,23,1,1
VIRGIN ISLANDS,2004,18,0,0
VIRGIN ISLANDS,2005,22,0,0
VIRGIN ISLANDS,2006,13,0,0
VIRGIN ISLANDS,2007,12,0,0
VIRGIN ISLANDS,2008,16,0,0
VIRGIN ISLANDS,2009,18,0,0
VIRGIN ISLANDS,2010,26,3,0
VIRGIN ISLANDS,2011,24,0,0
VIRGIN ISLANDS,2012,1,0,0
VIRGIN ISLANDS,2013,27,0,0
VIRGIN ISLANDS,2014,6,2,0
VIRGIN ISLANDS,2015,8,0,0
VIRGIN ISLANDS,2016,1,0,0
VIRGINIA,1951,5,0,12
VIRGINIA,1952,3,0,2
VIRGINIA,1953,6,0,0
VIRGINIA,1954,5,0,0
VIRGINIA,1955,12,0,0
VIRGINIA,1956,23,0,0
VIRGINIA,1957,23,0,5
VIRGINIA,1958,20,0,0
VIRGINIA,1959,17,12,13
VIRGINIA,1960,46,0,0
VIRGINIA,1961,26,0,3
VIRGINIA,1962,33,2,3
VIRGINIA,1963,6,0,0
VIRGINIA,1964,7,0,3
VIRGINIA,1965,15,0,5
VIRGINIA,1966,18,0,2
VIRGINIA,1967,27,0,6
VIRGINIA,1968,34,0,0
VIRGINIA,1969,35,1,5
VIRGINIA,1970,36,0,0
VIRGINIA,1971,19,0,4
VIRGINIA,1972,11,0,2
VIRGINIA,1973,17,0,37
VIRGINIA,1974,65,1,11
VIRGINIA,1975,91,0,6
VIRGINIA,1976,55,0,0
VIRGINIA,1977,71,0,3
VIRGINIA,1978,31,1,13
VIRGINIA,1979,30,1,19
VIRGINIA,1980,83,0,1
VIRGINIA,1981,26,0,0
VIRGINIA,1982,61,0,0
VIRGINIA,1983,152,0,6
VIRGINIA,1984,73,2,21
VIRGINIA,1985,51,0,1
VIRGINIA,1986,62,0,2
VIRGINIA,1987,26,0,4
VIRGINIA,1988,97,0,2
VIRGINIA,1989,216,1,42
VIRGINIA,1990,259,4,28
VIRGINIA,1991,94,0,4
VIRGINIA,1992,185,0,11
VIRGINIA,1993,145,4,258
VIRGINIA,1994,99,0,13
VIRGINIA,1995,548,0,25
VIRGINIA,1996,1739,16,25
VIRGINIA,1997,706,2,67
VIRGINIA,1998,1475,4,17
VIRGINIA,1999,1324,7,121
VIRGINIA,2000,1695,7,51
VIRGINIA,2001,958,4,15
VIRGINIA,2002,1369,4,31
VIRGINIA,2003,2027,18,116
VIRGINIA,2004,1063,17,23
VIRGINIA,2005,1085,2,7
VIRGINIA,2006,1373,3,11
VIRGINIA,2007,1647,3,5
VIRGINIA,2008,1948,5,231
VIRGINIA,2009,1500,3,4
VIRGINIA,2010,2324,5,18
VIRGINIA,2011,2542,22,116
VIRGINIA,2012,2202,12,64
VIRGINIA,2013,1556,6,34
VIRGINIA,2014,1824,9,50
VIRGINIA,2015,1686,3,3
VIRGINIA,2016,2235,13,108
WASHINGTON,1954,1,0,0
WASHINGTON,1955,5,0,0
WASHINGTON,1956,5,0,0
WASHINGTON,1957,3,0,0
WASHINGTON,1958,6,0,0
WASHINGTON,1961,3,0,0
WASHINGTON,1962,1,0,0
WASHINGTON,1963,3,0,0
WASHINGTON,1964,4,0,0
WASHINGTON,1965,2,0,0
WASHINGTON,1966,2,0,0
WASHINGTON,1967,1,0,0
WASHINGTON,1968,1,0,0
WASHINGTON,1969,5,0,1
WASHINGTON,1970,4,0,0
WASHINGTON,1971,5,0,0
WASHINGTON,1972,6,6,301
WASHINGTON,1973,1,0,0
WASHINGTON,1974,2,0,0
WASHINGTON,1975,10,0,0
WASHINGTON,1976,5,0,0
WASHINGTON,1978,6,0,0
WASHINGTON,1979,2,0,0
WASHINGTON,1980,2,0,0
WASHINGTON,1981,3,0,0
WASHINGTON,1982,10,0,0
WASHINGTON,1983,7,0,0
WASHINGTON,1984,3,0,0
WASHINGTON,1985,6,0,0
WASHINGTON,1986,3,0,0
WASHINGTON,1987,4,0,0
WASHINGTON,1988,7,0,0
WASHINGTON,1989,8,0,1
WASHINGTON,1990,2,0,0
WASHINGTON,1991,12,0,0
WASHINGTON,1992,12,0,2
WASHINGTON,1993,7,0,0
WASHINGTON,1994,9,0,0
WASHINGTON,1995,8,0,0
WASHINGTON,1996,139,13,34
WASHINGTON,1997,204,26,21
WASHINGTON,1998,217,4,15
WASHINGTON,1999,220,6,15
WASHINGTON,2000,191,3,21
WASHINGTON,2001,248,11,19
WASHINGTON,2002,226,5,12
WASHINGTON,2003,270,4,37
WASHINGTON,2004,229,1,10
WASHINGTON,2005,245,4,23
WASHINGTON,2006,434,21,338
WASHINGTON,2007,275,18,60
WASHINGTON,2008,433,9,36
WASHINGTON,2009,306,5,24
WASHINGTON,2010,324,12,27
WASHINGTON,2011,303,9,13
WASHINGTON,2012,450,12,22
WASHINGTON,2013,247,9,37
WASHINGTON,2014,433,55,45
WASHINGTON,2015,538,14,9
WASHINGTON,2016,320,7,7
WEST VIRGINIA,1950,1,0,0
WEST VIRGINIA,1951,1,0,1
WEST VIRGINIA,1954,3,0,0
WEST VIRGINIA,1955,5,0,0
WEST VIRGINIA,1956,3,0,1
WEST VIRGINIA,1957,8,0,0
WEST VIRGINIA,1958,9,0,0
WEST VIRGINIA,1959,3,0,12
WEST VIRGINIA,1960,2,0,0
WEST VIRGINIA,1961,8,0,0
WEST VIRGINIA,1962,10,0,0
WEST VIRGINIA,1963,5,0,0
WEST VIRGINIA,1964,7,0,0
WEST VIRGINIA,1965,15,0,3
WEST VIRGINIA,1966,8,0,0
WEST VIRGINIA,1967,19,0,7
WEST VIRGINIA,1968,17,0,0
WEST VIRGINIA,1969,35,0,1
WEST VIRGINIA,1970,17,0,0
WEST VIRGINIA,1971,6,0,0
WEST VIRGINIA,1972,4,0,0
WEST VIRGINIA,1973,6,0,0
WEST VIRGINIA,1974,29,1,32
WEST VIRGINIA,1975,30,0,0
WEST VIRGINIA,1976,17,0,0
WEST VIRGINIA,1977,22,0,9
WEST VIRGINIA,1978,11,0,1
WEST VIRGINIA,1979,18,0,1
WEST VIRGINIA,1980,75,0,15
WEST VIRGINIA,1981,24,0,3
WEST VIRGINIA,1982,18,1,0
WEST VIRGINIA,1983,86,0,0
WEST VIRGINIA,1984,26,0,7
WEST VIRGINIA,1985,11,0,0
WEST VIRGINIA,1986,44,0,2
WEST VIRGINIA,1987,27,1,3
WEST VIRGINIA,1988,26,0,0
WEST VIRGINIA,1989,80,1,3
WEST VIRGINIA,1990,105,0,1
WEST VIRGINIA,1991,146,2,87
WEST VIRGINIA,1992,110,0,19
WEST VIRGINIA,1993,101,0,2
WEST VIRGINIA,1994,191,0,1
WEST VIRGINIA,1995,161,0,1
WEST VIRGINIA,1996,867,12,2
WEST VIRGINIA,1997,784,8,5
WEST VIRGINIA,1998,780,7,16
WEST VIRGINIA,1999,951,3,12
WEST VIRGINIA,2000,1123,4,3
WEST VIRGINIA,2001,838,5,11
WEST VIRGINIA,2002,889,3,5
WEST VIRGINIA,2003,866,6,24
WEST VIRGINIA,2004,618,5,10
WEST VIRGINIA,2005,422,5,4
WEST VIRGINIA,2006,479,1,15
WEST VIRGINIA,2007,757,1,4
WEST VIRGINIA,2008,733,0,2
WEST VIRGINIA,2009,636,2,4
WEST VIRGINIA,2010,674,5,12
WEST VIRGINIA,2011,1062,1,3
WEST VIRGINIA,2012,859,6,6
WEST VIRGINIA,2013,759,2,14
WEST VIRGINIA,2014,1055,8,9
WEST VIRGINIA,2015,895,6,3
WEST VIRGINIA,2016,894,26,14
WISCONSIN,1950,6,3,12
WISCONSIN,1951,7,7,13
WISCONSIN,1952,1,2,6
WISCONSIN,1953,9,4,32
WISCONSIN,1954,13,0,4
WISCONSIN,1955,25,0,7
WISCONSIN,1956,24,9,52
WISCONSIN,1957,21,1,7
WISCONSIN,1958,32,28,140
WISCONSIN,1959,48,0,15
WISCONSIN,1960,40,0,0
WISCONSIN,1961,37,0,1
WISCONSIN,1962,42,0,0
WISCONSIN,1963,54,0,40
WISCONSIN,1964,98,0,67
WISCONSIN,1965,71,3,78
WISCONSIN,1966,61,0,18
WISCONSIN,1967,62,2,17
WISCONSIN,1968,81,2,14
WISCONSIN,1969,60,0,163
WISCONSIN,1970,83,0,8
WISCONSIN,1971,99,1,24
WISCONSIN,1972,51,0,3
WISCONSIN,1973,101,0,2
WISCONSIN,1974,105,2,54
WISCONSIN,1975,99,0,6
WISCONSIN,1976,61,0,2
WISCONSIN,1977,135,1,49
WISCONSIN,1978,73,0,2
WISCONSIN,1979,91,1,13
WISCONSIN,1980,262,3,53
WISCONSIN,1981,130,3,62
WISCONSIN,1982,144,0,5
WISCONSIN,1983,381,0,10
WISCONSIN,1984,309,12,250
WISCONSIN,1985,177,4,81
WISCONSIN,1986,145,0,2
WISCONSIN,1987,213,1,5
WISCONSIN,1988,193,0,8
WISCONSIN,1989,231,1,15
WISCONSIN,1990,163,0,7
WISCONSIN,1991,250,2,9
WISCONSIN,1992,187,1,62
WISCONSIN,1993,31,0,0
WISCONSIN,1994,303,0,7
WISCONSIN,1995,455,0,21
WISCONSIN,1996,1389,13,140
WISCONSIN,1997,1069,9,41
WISCONSIN,1998,1291,9,179
WISCONSIN,1999,1289,17,60
WISCONSIN,2000,1335,3,69
WISCONSIN,2001,1392,13,32
WISCONSIN,2002,1268,16,37
WISCONSIN,2003,759,2,14
WISCONSIN,2004,1176,3,28
WISCONSIN,2005,1443,2,41
WISCONSIN,2006,1626,7,56
WISCONSIN,2007,1850,18,8
WISCONSIN,2008,2024,24,91
WISCONSIN,2009,1173,20,268
WISCONSIN,2010,1554,16,113
WISCONSIN,2011,1552,22,175
WISCONSIN,2012,1458,27,76
WISCONSIN,2013,1272,16,27
WISCONSIN,2014,1285,22,22
WISCONSIN,2015,824,11,12
WISCONSIN,2016,1193,31,34
WYOMING,1950,3,0,0
WYOMING,1952,1,0,0
WYOMING,1953,7,0,0
WYOMING,1954,2,0,0
WYOMING,1955,7,0,3
WYOMING,1956,6,0,0
WYOMING,1957,6,0,0
WYOMING,1958,28,0,0
WYOMING,1959,11,1,1
WYOMING,1960,11,0,3
WYOMING,1961,14,0,0
WYOMING,1962,35,0,4
WYOMING,1963,3,0,0
WYOMING,1964,19,0,0
WYOMING,1965,20,0,1
WYOMING,1966,14,0,6
WYOMING,1967,16,0,3
WYOMING,1968,17,0,0
WYOMING,1969,15,0,1
WYOMING,1970,11,0,0
WYOMING,1971,15,0,3
WYOMING,1972,18,0,0
WYOMING,1973,27,0,0
WYOMING,1974,27,0,2
WYOMING,1975,33,0,1
WYOMING,1976,38,0,0
WYOMING,1977,45,0,1
WYOMING,1978,54,0,2
WYOMING,1979,75,1,40
WYOMING,1980,45,0,0
WYOMING,1981,30,0,0
WYOMING,1982,51,0,7
WYOMING,1983,59,0,0
WYOMING,1984,60,0,1
WYOMING,1985,31,0,0
WYOMING,1986,89,0,0
WYOMING,1987,84,0,4
WYOMING,1988,60,0,2
WYOMING,1989,70,0,2
WYOMING,1990,83,0,0
WYOMING,1991,85,0,0
WYOMING,1992,74,0,0
WYOMING,1993,38,0,28
WYOMING,1994,84,0,1
WYOMING,1995,72,0,3
WYOMING,1996,732,1,5
WYOMING,1997,412,3,69
WYOMING,1998,372,2,29
WYOMING,1999,378,6,17
WYOMING,2000,363,4,48
WYOMING,2001,369,2,19
WYOMING,2002,334,1,7
WYOMING,2003,360,4,7
WYOMING,2004,214,0,9
WYOMING,2005,286,3,25
WYOMING,2006,277,3,6
WYOMING,2007,391,2,13
WYOMING,2008,600,11,21
WYOMING,2009,651,6,5
WYOMING,2010,982,6,32
WYOMING,2011,936,10,18
WYOMING,2012,953,3,3
WYOMING,2013,1398,5,4
WYOMING,2014,1478,1,14
WYOMING,2015,1016,4,32
WYOMING,2016,1627,6,4
